user_id,review,rating,timestamp
e208cbcb-7df6-461e-9d1c-04e744286d0e,Good UX. Recommended.,4,2025-04-24
4f8773df-4807-40b9-a13d-7e055d2e3f7c,Worst experience ever. App keeps crashing.,1,2025-04-18
85a71ae4-836b-4817-8401-aa8d2bbcb69d,"Works fine, but lags sometimes.",5,2025-05-15
f6b7d113-ad36-474c-b122-c6b753782fe1,"Works fine, but lags sometimes.",1,2025-04-22
79ba3d91-a603-46fb-8d87-9f2c221f2aab,App is decent. Could use some improvements.,4,2025-05-02
d848aada-3634-485d-b1ad-137233e48867,Worst experience ever. App keeps crashing.,2,2025-04-20
0067338e-dea9-4ddc-ba99-8798ae6f39a4,App is decent. Could use some improvements.,4,2025-04-26
4c28fc86-380f-43b1-9a24-3525815a96bc,Customer service is terrible. Avoid this.,1,2025-04-19
be3598c9-7ab8-49ef-a21b-e49beeeccedc,App is decent. Could use some improvements.,2,2025-04-16
5888ad02-c4a2-4dcb-afbd-79fd6c7685b3,App is decent. Could use some improvements.,1,2025-05-07
bac1ac22-948c-47fe-8042-b32d248a9aea,Worst experience ever. App keeps crashing.,4,2025-04-22
2c7fedb7-eae0-40e2-aa52-6bb6d5b24b23,This is a scam. Took my money and didn’t work.,4,2025-04-21
d4d3b5f7-164d-47ac-94cd-4e311bf77c9e,This is a scam. Took my money and didn’t work.,1,2025-04-19
dc4f2d80-9828-40a4-9320-54986f943b20,Good UX. Recommended.,1,2025-04-18
0de4d40d-8580-4f76-9211-15c913e23352,This is a scam. Took my money and didn’t work.,1,2025-04-19
c5505737-194a-4df8-89a6-deb0e017109a,Good UX. Recommended.,5,2025-05-10
0231ce9d-b004-4e95-8a03-e7a05999a237,Very buggy. Deleted my files!,2,2025-05-07
268e9aca-1b56-41d5-92b2-b8d239ea2944,Customer service is terrible. Avoid this.,3,2025-04-30
d99996f5-3ee0-485b-8774-b9239d385151,Customer service is terrible. Avoid this.,2,2025-04-22
cf3c267f-9c71-49e9-8357-3861819a4468,I love it! Super easy to use.,3,2025-05-05
35330736-dfc7-4367-826f-50c423b9b720,Good UX. Recommended.,4,2025-04-23
7e5e537c-c404-427a-a98a-5f8bc7224e46,"Works fine, but lags sometimes.",4,2025-04-16
eaf6315c-861b-4fd9-83aa-cd1403ac7f87,Customer service is terrible. Avoid this.,1,2025-05-02
7cc91c76-1ecc-44be-b755-6e65da492af7,This app is amazing!,1,2025-05-03
af609924-0670-4315-8023-1648826426ac,This app is amazing!,2,2025-05-05
5af2e983-1200-402b-8a29-1a749814b499,"Works fine, but lags sometimes.",3,2025-04-23
4ada3df3-ea89-42b7-b92c-2e99f58f4f70,Very buggy. Deleted my files!,1,2025-05-06
d7fa2973-829d-40e3-8ecd-9659e49a7895,"Works fine, but lags sometimes.",1,2025-04-24
d9741cfe-e0c5-4b9d-ae8b-934a3ab6c2cd,App is decent. Could use some improvements.,3,2025-04-21
2b907035-c25c-4571-bd46-36ef733f91b9,They stole my data. Don’t download this!,5,2025-05-10
b1423537-6161-4e35-9827-576b0e120380,They stole my data. Don’t download this!,5,2025-05-10
cec2cdef-e7ff-4892-a7dd-2c38834f3352,Very buggy. Deleted my files!,2,2025-04-25
b3898ef6-d7e9-4e32-91b1-3cc468fbf26d,Customer service is terrible. Avoid this.,1,2025-05-13
fb8b06c3-3a60-4cfc-b87f-6c2140be5d5f,Customer service is terrible. Avoid this.,5,2025-05-08
da4cc23c-a56b-4844-bd23-9f190c41e146,Very buggy. Deleted my files!,4,2025-05-13
dc8417b1-c771-4c6d-a9f6-5fb5a9e6feef,They stole my data. Don’t download this!,3,2025-05-04
b9537c73-53ad-4999-bfa5-43e90e022976,Worst experience ever. App keeps crashing.,2,2025-04-30
d8a17238-9f13-469d-aff3-36e856f2558a,Very buggy. Deleted my files!,3,2025-05-07
b76b8ff4-18a6-48bf-a088-154d0c81b467,App is decent. Could use some improvements.,4,2025-04-18
13da6eab-e665-4221-8e9e-87022f74cc81,App is decent. Could use some improvements.,1,2025-04-27
15513ce2-a2d8-4cea-a823-9d41bae25848,Very buggy. Deleted my files!,2,2025-04-26
9d0ce8e2-8095-43d5-9cac-5f01c29eb538,Customer service is terrible. Avoid this.,3,2025-05-03
8265b104-d553-48d8-953b-1eac9446f4fb,App is decent. Could use some improvements.,2,2025-04-19
19146a48-0f11-4413-8355-d631c4e4d6b6,"Works fine, but lags sometimes.",5,2025-05-01
09cb3f5f-1e2e-472f-9e00-a11522a1176c,This is a scam. Took my money and didn’t work.,5,2025-05-09
997b4f34-865c-47ad-860a-11cae72f778b,"Works fine, but lags sometimes.",2,2025-05-05
59279526-8ecf-4967-a9ec-af6dedc08e03,This app is amazing!,3,2025-04-16
459e6204-f3bc-47da-849a-49db08406400,Good UX. Recommended.,3,2025-05-07
98ffce5f-9792-4183-affc-498419f53803,This app is amazing!,2,2025-04-27
1447cc64-20b4-4dad-9bbc-d56ff67ae135,I love it! Super easy to use.,3,2025-04-23
16a17904-356a-4d62-93b9-c370261f8fdf,App is decent. Could use some improvements.,1,2025-05-11
33dac98e-6a0c-4e6d-b8c3-08f91ab42de6,Customer service is terrible. Avoid this.,2,2025-05-10
d8142459-ec45-45ba-b0b2-cf90640576b7,Customer service is terrible. Avoid this.,5,2025-04-18
99562ca9-f015-4a12-8868-6f31406988bd,I love it! Super easy to use.,4,2025-04-24
1bf6fe49-61d4-48bc-871d-902f1eb6f7db,Good UX. Recommended.,5,2025-05-04
aea9506d-97b2-458c-b1f5-80f5331a547d,This app is amazing!,3,2025-04-17
f1926b14-1340-41f0-854a-3df83aaba27b,Good UX. Recommended.,2,2025-05-04
ce818450-12cf-473d-a83e-a27c417e1dd7,I love it! Super easy to use.,3,2025-05-14
49920ae8-1456-44a3-82fa-cf7a72b9d7e4,Good UX. Recommended.,2,2025-05-10
d671f050-3f22-43d2-a84a-53b02eccb347,Very buggy. Deleted my files!,5,2025-05-12
5bfd6de5-2219-42ed-bd04-5d24736dc16f,I love it! Super easy to use.,4,2025-05-08
3973c236-48f8-4a32-88c0-e83594c3258c,This is a scam. Took my money and didn’t work.,4,2025-04-28
caaa0144-fd67-4e66-aea6-5bfeef0cd5c6,I love it! Super easy to use.,2,2025-05-13
f8600218-1fd7-428e-a150-570158131569,I love it! Super easy to use.,3,2025-05-07
de15b366-c6d8-493a-a438-e987fa103d20,They stole my data. Don’t download this!,2,2025-05-03
30024c13-dfae-4676-bdbf-a70bcd4ca38b,Worst experience ever. App keeps crashing.,4,2025-04-21
b955a66a-2d4e-4de7-9b45-b1c8663988d8,This is a scam. Took my money and didn’t work.,5,2025-04-25
9bdd32f7-5714-4ad9-9de6-b7c697c39469,Customer service is terrible. Avoid this.,5,2025-05-04
ae55c6f3-bfa7-425b-bd84-6e253a1dbffc,I love it! Super easy to use.,1,2025-05-15
2212a208-8330-4d74-ae63-d9a700d7222f,Customer service is terrible. Avoid this.,3,2025-05-14
23cc22aa-7edb-4d31-8e9c-3279b00f3b99,They stole my data. Don’t download this!,1,2025-05-10
0bdc6953-494b-425a-b161-369327a45c1e,This is a scam. Took my money and didn’t work.,2,2025-04-18
523b5a7f-170a-4624-8a45-9c5b54972f21,I love it! Super easy to use.,4,2025-05-01
3b7c2d1e-65b7-4507-8f1c-2a5b34327c84,"Works fine, but lags sometimes.",3,2025-05-05
3ac9f250-c9c1-42d8-8b7f-7942215863ae,"Works fine, but lags sometimes.",3,2025-05-02
42211c80-a3d3-4a29-a24b-8453a279c18a,Worst experience ever. App keeps crashing.,3,2025-05-08
a48ed011-0477-4364-87c2-c9c12754e243,Good UX. Recommended.,1,2025-04-22
f8960f22-da7c-4d13-aba5-f0e7cb6855b0,This is a scam. Took my money and didn’t work.,1,2025-05-01
af64762f-ac4d-4ff2-9ef4-aaee161d81e8,I love it! Super easy to use.,1,2025-04-20
f4d2fca6-18ee-4589-a494-b5af51bb3046,I love it! Super easy to use.,1,2025-04-24
4e94e400-53f7-4c0a-95e1-b0eac46ebfa9,This is a scam. Took my money and didn’t work.,1,2025-04-24
f4994ed3-4b33-465b-899c-3919c1dd67c2,"Works fine, but lags sometimes.",3,2025-05-12
f65c231b-655f-498b-aa32-d5b6a8f82738,I love it! Super easy to use.,1,2025-05-03
f770585e-a384-4ff7-96ca-87b523718b7e,Worst experience ever. App keeps crashing.,1,2025-04-19
445df69d-c057-4596-a6f0-2c8662a2aabb,This is a scam. Took my money and didn’t work.,5,2025-05-13
97eb7d4c-9dbc-4583-9583-d69051672832,I love it! Super easy to use.,1,2025-05-07
83bccc5d-4aed-4c23-a1b0-439d95c589cb,App is decent. Could use some improvements.,2,2025-05-07
62537247-a525-4a6c-a0c2-e65e503fcce0,Customer service is terrible. Avoid this.,1,2025-04-21
4aaf5e7b-ab55-43ec-8fdc-880d6fd1ee58,Customer service is terrible. Avoid this.,4,2025-05-06
97de6215-fe25-4bea-bd5b-18f887bf1fe4,They stole my data. Don’t download this!,5,2025-05-09
5188ec13-f209-456d-9f97-bd6258436496,I love it! Super easy to use.,4,2025-04-24
50cc2350-6b05-4d20-9e4a-a5853d436636,Very buggy. Deleted my files!,1,2025-05-12
f6414699-91ac-4c7c-81b5-e336e51a3142,App is decent. Could use some improvements.,1,2025-04-29
ab9b46b0-7580-43a7-a474-39a4ec0b9715,This is a scam. Took my money and didn’t work.,2,2025-04-29
5b0bf5f4-fdcd-45ae-b23b-f620a932936e,Good UX. Recommended.,1,2025-05-06
c9f27de9-9a73-412e-b041-51d76b7123cc,Customer service is terrible. Avoid this.,2,2025-04-26
1c0f38c6-bbb7-405e-b0d5-552e96532ce1,App is decent. Could use some improvements.,3,2025-05-14
2bdb9c31-0063-49ad-b029-0df4c7030e37,Very buggy. Deleted my files!,4,2025-04-24
0c3c2016-eea9-4515-ae2e-0f20bce946df,Very buggy. Deleted my files!,5,2025-05-05
05738aed-f942-41b3-9f7a-af8771a3c51c,"Works fine, but lags sometimes.",5,2025-04-25
7e360fa8-2dcf-4ba2-a7e1-0a0ffdc6ac17,App is decent. Could use some improvements.,3,2025-04-19
179e5f12-2574-4071-b8c7-5fe7650ee79a,Good UX. Recommended.,4,2025-05-05
6c479b20-3c79-4a74-b025-3a7d5956c1db,They stole my data. Don’t download this!,1,2025-04-25
77691822-764e-401e-9642-ae07ef93af69,I love it! Super easy to use.,5,2025-04-18
04619eb7-cf06-4473-956f-448a09c6dbbe,Customer service is terrible. Avoid this.,2,2025-05-09
670c8b10-9791-4b06-bb67-4197769731c3,"Works fine, but lags sometimes.",4,2025-05-10
ded10b3a-a9c3-41aa-a738-d38413a05cc5,Customer service is terrible. Avoid this.,1,2025-04-19
96a5c4ca-8aa2-4cc4-8a1d-12ea70aa28d0,Customer service is terrible. Avoid this.,1,2025-04-16
4ec74501-bdfe-41a6-aaed-3d8bbe9c32ea,App is decent. Could use some improvements.,2,2025-04-27
cfcbe49e-d1b2-4d63-9873-0f0bcbfac9aa,Customer service is terrible. Avoid this.,5,2025-05-02
a48a422a-185e-4915-abbb-6f008b7df26a,"Works fine, but lags sometimes.",2,2025-05-07
f67105fc-e3a1-4696-804d-f0947464c616,Good UX. Recommended.,2,2025-05-13
0ed3a9f6-c816-4d00-8077-03dcc91982a9,App is decent. Could use some improvements.,3,2025-05-07
e62d2750-dc31-47ad-a135-b47d9334a01f,I love it! Super easy to use.,3,2025-04-28
9e298a5f-ddf9-4327-949f-5fcee52f02f8,Customer service is terrible. Avoid this.,3,2025-04-25
f78d28e6-8f66-4d70-b399-c096194c7e33,Worst experience ever. App keeps crashing.,2,2025-05-09
e5a662a9-052a-4f19-888f-ee0715e96bac,Customer service is terrible. Avoid this.,4,2025-04-28
87ee3884-ec0d-4c60-a8ec-e0f0b0be1def,I love it! Super easy to use.,4,2025-04-28
759ec1fe-2938-4496-afc8-03504d2f0472,This is a scam. Took my money and didn’t work.,2,2025-04-16
3a974c98-28ae-4899-99cd-918e9a67d01b,Good UX. Recommended.,4,2025-04-17
a776a363-4ca7-4ecc-a74b-d96fc45bfd8e,Very buggy. Deleted my files!,1,2025-05-02
81fa6412-c135-4e9b-8d2b-51b19251a642,They stole my data. Don’t download this!,5,2025-04-24
7306a9aa-c14c-48d9-891e-38881beb49a7,They stole my data. Don’t download this!,2,2025-05-10
a9858398-7baf-4efc-843d-ce14d0f91f99,Good UX. Recommended.,1,2025-05-10
398b6615-412e-454d-97f0-60b3de7e8a16,Worst experience ever. App keeps crashing.,2,2025-04-21
0f66dd22-62e7-49c7-a430-c130f45afbc8,I love it! Super easy to use.,3,2025-05-08
d30782c9-7a64-4774-894d-a22cc7b63001,I love it! Super easy to use.,5,2025-05-02
d4bb8a97-34e1-40de-a222-fd7f20bb5cd9,"Works fine, but lags sometimes.",2,2025-04-22
3f81253e-5f15-4921-87aa-43f69970dcbc,Worst experience ever. App keeps crashing.,3,2025-05-12
e8d7cbd9-3100-4071-86df-6bf427bfa8af,App is decent. Could use some improvements.,4,2025-05-07
a91a1e06-e34a-4522-b637-5a67bc1422ca,I love it! Super easy to use.,2,2025-05-04
f0babfa3-d098-4663-9b7e-dd07317d72e7,They stole my data. Don’t download this!,3,2025-05-15
9754388a-46a5-468c-9484-86bde8426616,Worst experience ever. App keeps crashing.,1,2025-05-12
d8f4cdc7-9dab-4b0a-84c2-a36b16e9e502,This app is amazing!,2,2025-05-07
1a3e7d3b-3f85-4a60-a2ff-ad67b74cf192,Customer service is terrible. Avoid this.,3,2025-04-16
c677654f-5832-4085-ac2e-84ccf0298abb,Customer service is terrible. Avoid this.,1,2025-04-18
ddc188c8-8593-43f5-9e5c-6394b8aee766,App is decent. Could use some improvements.,2,2025-04-21
ac9d4183-f8e2-4359-803c-f018723eb228,They stole my data. Don’t download this!,1,2025-05-13
097a70fe-656b-4f78-9f6a-949679a386f6,Customer service is terrible. Avoid this.,4,2025-04-19
66c52c23-4ab1-4533-9c16-0b63247c1b8e,This app is amazing!,2,2025-05-13
a215e5b4-e89b-4817-be06-695b4c852322,"Works fine, but lags sometimes.",2,2025-04-22
71ad9fc1-ba66-4f38-a462-480ea3710f77,Worst experience ever. App keeps crashing.,5,2025-04-26
855bfca3-bc7a-4ad7-8d42-79fe0a086f56,Worst experience ever. App keeps crashing.,5,2025-05-10
80609797-3c19-40e2-b405-22f3bbe7ec21,This is a scam. Took my money and didn’t work.,2,2025-05-15
33fefee3-40b5-40fb-bd16-d9d0553e3924,Very buggy. Deleted my files!,5,2025-04-16
4eee8e80-1fa9-41f9-a84f-68b12c5b9264,This is a scam. Took my money and didn’t work.,1,2025-04-17
05d1059e-cd42-4ec1-80fa-7a467bc92167,This is a scam. Took my money and didn’t work.,3,2025-05-12
063f6c75-608f-4a15-b520-6240eaf999e8,They stole my data. Don’t download this!,2,2025-04-29
cae3d5ee-85dd-4b25-9158-9a5340f9aae1,I love it! Super easy to use.,3,2025-05-02
1247501a-d329-4818-b412-5001eabdd9ed,Very buggy. Deleted my files!,5,2025-04-26
f809f818-e106-4518-80a7-ce0dc8dbcf4b,Customer service is terrible. Avoid this.,4,2025-04-23
aa5b904b-71fd-4da4-9bdd-5ea4f2481d23,Worst experience ever. App keeps crashing.,3,2025-04-19
94d58a73-014c-4a1d-8116-211149c9f4a4,Customer service is terrible. Avoid this.,4,2025-04-16
46362f56-ad8f-4d57-86df-b3a894e9d9f7,This app is amazing!,5,2025-05-10
4c5dcde4-f787-45c3-9db3-d3b208b1a90b,Good UX. Recommended.,1,2025-05-15
b0331f33-d77d-4ad2-9e13-a68415700c9f,They stole my data. Don’t download this!,3,2025-05-03
d9869cdc-7bc8-49ee-93e4-6222d25b2056,This is a scam. Took my money and didn’t work.,3,2025-05-02
8e214aa1-c120-4df2-bfdf-7733ab27929b,They stole my data. Don’t download this!,5,2025-05-09
b62a5f12-d479-4624-be72-e3961e5b0f8f,"Works fine, but lags sometimes.",5,2025-05-06
3215001e-5edb-4c58-a470-02365efcbc3d,Good UX. Recommended.,2,2025-04-21
92619a98-7c59-46d1-9381-ba10db32623d,Very buggy. Deleted my files!,3,2025-05-02
f575b5e4-5ac8-4230-99b7-a27e44a78334,Worst experience ever. App keeps crashing.,4,2025-05-13
14d53eed-f045-4780-8b15-29d558d32d2c,They stole my data. Don’t download this!,2,2025-04-23
e0b50fa4-d2ce-4efb-9d02-5ec386845674,"Works fine, but lags sometimes.",1,2025-04-23
f7eb9329-2e9e-4066-b961-1e9da5b7d24e,Worst experience ever. App keeps crashing.,1,2025-05-02
dab02155-b736-4ba4-b2fa-b99f846fa3a2,Worst experience ever. App keeps crashing.,5,2025-04-28
736fc289-50ff-469a-89f9-375f41e735b0,Worst experience ever. App keeps crashing.,5,2025-04-26
87caaa45-ea35-4ad1-a150-0efb2edde301,Good UX. Recommended.,2,2025-04-19
abf29b31-aa4f-471b-b8fa-049fca790f18,This is a scam. Took my money and didn’t work.,1,2025-04-25
3335fb4a-a61a-4a4d-a7ec-f960d5fb1a97,Worst experience ever. App keeps crashing.,2,2025-04-27
34547260-3575-4075-a709-9ea175b3bdf3,Very buggy. Deleted my files!,4,2025-04-30
4d235009-7ac9-4896-8739-bd8b674dcc5f,App is decent. Could use some improvements.,2,2025-04-28
4846f791-e1bb-4e23-aefe-3415882044e8,App is decent. Could use some improvements.,5,2025-04-21
5bf8ecb8-62ce-47ce-8dbe-d3f517ae5739,Very buggy. Deleted my files!,3,2025-04-21
92330032-b36e-412d-ab82-b3fb7c9e795a,This app is amazing!,1,2025-05-02
7be0461d-99a3-4960-a22f-cc69fc4b6ba3,Worst experience ever. App keeps crashing.,2,2025-05-08
c929a095-5657-4b5c-9ea0-1ad1b4373f1f,This is a scam. Took my money and didn’t work.,3,2025-05-10
9a0b17ab-01a3-4463-b86e-dbcad436a704,Good UX. Recommended.,5,2025-05-08
574b38b4-da23-4f54-9ef7-2b84cc39428a,They stole my data. Don’t download this!,3,2025-05-07
04de04ca-4dfc-43ff-b633-9dc0a398dff1,This app is amazing!,2,2025-05-12
b8fe2ab1-fd20-42cf-8f28-1790ecac5710,Good UX. Recommended.,5,2025-05-10
abc6a4af-c082-4f41-8976-e5cee49bc596,Good UX. Recommended.,2,2025-04-19
17076834-a707-4491-86a4-219d754d1ccf,This app is amazing!,2,2025-04-19
59cde9fd-bc51-461a-b823-d6c764730b16,App is decent. Could use some improvements.,4,2025-05-06
7497a9b7-f263-4eb0-ba8a-8b920dfd0afc,"Works fine, but lags sometimes.",1,2025-04-28
a037884f-55e0-43c7-9d6a-6acdee69d590,This app is amazing!,1,2025-04-22
268c18a5-3332-4d1a-9489-7b65771ca7b5,"Works fine, but lags sometimes.",2,2025-05-10
3a796586-340b-46e4-a224-f48fd7274c4d,Very buggy. Deleted my files!,1,2025-05-11
481ce1f0-a55b-4ed1-afe9-8912ad9c7ceb,This app is amazing!,3,2025-05-05
282bdb50-e50b-404d-bd2b-5d1430f9c674,Good UX. Recommended.,3,2025-04-18
327a9f14-d114-4961-806c-ac3d2c709066,Very buggy. Deleted my files!,3,2025-05-08
22d796ff-91d7-4ec0-b91b-b15fe2a4ef95,Customer service is terrible. Avoid this.,5,2025-05-07
e9950bfa-9e1f-4386-bf25-7e307771d952,"Works fine, but lags sometimes.",1,2025-05-11
ec98eaab-2385-4151-9b31-95f89e2ab003,They stole my data. Don’t download this!,1,2025-04-22
3eb374d5-d05e-436d-a446-5ebbbe2b98ea,"Works fine, but lags sometimes.",2,2025-04-19
aba93f03-3a87-4926-97e0-e74fa7acd9b5,This app is amazing!,1,2025-05-06
1d0f304f-798d-4fe3-be4f-d26b51204683,"Works fine, but lags sometimes.",4,2025-05-09
519a23b8-b616-4a6d-b16a-0edab39da3e1,This is a scam. Took my money and didn’t work.,5,2025-05-10
aeb4a137-ae0d-40ee-92db-f798b30d80a4,Good UX. Recommended.,3,2025-05-15
558c2959-90da-4e85-95af-c68959e19ea4,App is decent. Could use some improvements.,2,2025-04-22
46a45fab-8489-4432-8c30-80f3cb005338,Good UX. Recommended.,1,2025-04-30
acc7943a-db99-48cf-ab48-60d05993c0d5,I love it! Super easy to use.,2,2025-04-18
4b62cf0c-b21b-4c83-b0de-27073b439e30,I love it! Super easy to use.,3,2025-05-02
f5441cb8-6a49-4a40-88b3-df67b69fbba8,App is decent. Could use some improvements.,5,2025-04-25
a91ef60d-caf2-4376-9520-a1c4429a4a53,App is decent. Could use some improvements.,4,2025-04-23
7116282b-56f8-4e5b-8610-fc5f0f114148,Customer service is terrible. Avoid this.,5,2025-05-11
60d3802c-d53c-4692-a887-cfa6a6141786,This app is amazing!,5,2025-04-30
a82dd1e1-f4cf-40dc-a2fe-0b5827f1a1b5,"Works fine, but lags sometimes.",1,2025-05-05
eab619e8-4e54-4566-9ead-a1e5d496b4e1,This is a scam. Took my money and didn’t work.,5,2025-05-09
48478b67-6f56-49a4-828c-916f9bffacb7,I love it! Super easy to use.,4,2025-04-18
af557526-6bd5-403d-afda-98afa7d6d657,Very buggy. Deleted my files!,2,2025-05-09
273c176d-80ed-47a2-a4c6-b123bacce960,They stole my data. Don’t download this!,5,2025-04-16
2fc1acbd-f266-481e-8c72-ebc8a0db6aaa,Very buggy. Deleted my files!,5,2025-05-12
d296ec9b-7245-449d-927e-dbc4490d3c61,Customer service is terrible. Avoid this.,4,2025-05-12
b3b590c7-bc53-4b7b-b0ce-94d2ffbe8480,Customer service is terrible. Avoid this.,5,2025-05-08
2ddaf667-601b-4978-b7b9-a9108d22665a,I love it! Super easy to use.,1,2025-05-13
d0eecd94-f0bd-49b9-91b5-aa763764dbc8,This is a scam. Took my money and didn’t work.,5,2025-04-18
ad02ef1f-802a-40bf-9436-41ccc25d276c,This is a scam. Took my money and didn’t work.,4,2025-04-26
e5dc2fd0-dd46-4ad6-8496-b8f84bb6765c,I love it! Super easy to use.,2,2025-04-21
332ac684-f3ef-4923-8d5a-3ebac42585ba,I love it! Super easy to use.,5,2025-05-07
8905a50e-90ff-4907-9f16-f582c00e3984,"Works fine, but lags sometimes.",4,2025-04-17
991e39d5-87b1-4ebf-bbc4-58be9d822fde,Good UX. Recommended.,4,2025-04-29
dd1d5b4b-edfa-4011-b23c-84bc616c1ab6,Customer service is terrible. Avoid this.,2,2025-05-12
693883cc-9116-455e-b6d5-d8d7d15889a1,Worst experience ever. App keeps crashing.,5,2025-04-19
ae4956d0-7293-4820-8f10-51c12483462d,Very buggy. Deleted my files!,2,2025-05-09
05971488-2668-4c11-9de1-782c0e26e5f7,Good UX. Recommended.,1,2025-04-26
c914e5e1-4d5a-40f4-a501-5f41a44061ad,Worst experience ever. App keeps crashing.,2,2025-04-21
bd12b383-b306-4a2f-bec7-bfd439db04b0,Very buggy. Deleted my files!,4,2025-04-29
8706caac-5117-4975-bf0a-44dc19dea89e,Customer service is terrible. Avoid this.,3,2025-04-22
cfbbfd89-4c4f-427a-be25-b238b6475bf5,They stole my data. Don’t download this!,5,2025-05-14
449dc6d0-af41-422e-811e-076ef7b615f9,Worst experience ever. App keeps crashing.,4,2025-05-09
6b398b7d-09be-459c-9bb5-aa7cdb2d51f0,This app is amazing!,4,2025-04-23
4e44bfff-6fc6-4644-892c-983ffcf77ece,Worst experience ever. App keeps crashing.,5,2025-04-22
a9d696c2-602c-46de-a0e5-df7fea960e12,"Works fine, but lags sometimes.",3,2025-04-18
e96cd1cb-c941-454b-b422-d67a19fd1c8e,Customer service is terrible. Avoid this.,3,2025-05-10
7de656fe-dfe6-4ed6-b5a8-79ef5fef7507,"Works fine, but lags sometimes.",2,2025-05-01
43e84f12-8e8d-44cc-aee8-1a817e9719a0,Customer service is terrible. Avoid this.,5,2025-04-19
c3a48b5a-668f-4997-9264-1e955c3e9623,Worst experience ever. App keeps crashing.,3,2025-04-22
c2a59864-eb44-4f80-a0a0-4a27760e0444,They stole my data. Don’t download this!,3,2025-04-22
a3499258-14d7-4a81-9388-37b99f30773b,"Works fine, but lags sometimes.",5,2025-04-26
8a0b58bd-c5a3-4da3-9b35-c88b86807a3b,Very buggy. Deleted my files!,1,2025-04-23
9742e44e-501a-4406-9813-7113a850cf95,This is a scam. Took my money and didn’t work.,4,2025-05-04
ea4fa01f-afa7-4172-8137-98f7161bf4e0,This app is amazing!,5,2025-04-24
5dc6fd23-045b-41b9-b606-39ccac1333f4,Worst experience ever. App keeps crashing.,4,2025-04-20
6391f0ad-9380-4d90-b038-b27d1e030fb2,"Works fine, but lags sometimes.",3,2025-04-16
46314305-fe13-4702-bfb6-47d274b54592,Very buggy. Deleted my files!,2,2025-04-25
11027209-55c1-4452-98f3-bf4ddeb44c39,"Works fine, but lags sometimes.",1,2025-05-03
69351d3a-ed44-4baa-91be-aafbf1bcfc82,They stole my data. Don’t download this!,1,2025-04-21
cc830465-4d6a-459d-9b76-e5a3b132c371,"Works fine, but lags sometimes.",3,2025-05-14
99ce70a2-1310-43b9-8b03-452b51a494c5,This app is amazing!,3,2025-04-27
3695624d-7fe0-426e-8454-888be6ef7658,I love it! Super easy to use.,4,2025-05-01
eb8de60e-adf5-428e-adab-f3494b15aa4c,This app is amazing!,2,2025-05-01
fbd97b4f-ef9a-45e4-9d1d-8e109453daa7,I love it! Super easy to use.,4,2025-04-19
18d26480-feb4-474b-903b-8c1427b9fc20,They stole my data. Don’t download this!,4,2025-04-23
4ef4db29-8507-461a-a1ba-5050fe9d27b2,"Works fine, but lags sometimes.",4,2025-05-05
a07c65b9-498b-4160-af7e-c783514f7a58,They stole my data. Don’t download this!,1,2025-04-19
0086dfbc-5599-4d47-af1e-9815d0a5feb9,Customer service is terrible. Avoid this.,3,2025-05-13
c7f9ed08-3f4b-44a3-bf20-ff4e0bb65479,This is a scam. Took my money and didn’t work.,2,2025-04-22
5b034d26-0b58-4185-8872-3b49de5fe3af,"Works fine, but lags sometimes.",4,2025-04-20
8da78841-1fe2-44d0-bc87-a0a2d0300f37,I love it! Super easy to use.,4,2025-04-29
818d206c-973f-4231-84a9-23e88927fee3,Worst experience ever. App keeps crashing.,5,2025-04-21
12c2436a-01dc-4194-8650-2fafed4049fb,Worst experience ever. App keeps crashing.,4,2025-05-09
352ac0fd-2a92-4444-8a48-ed53d169496d,Very buggy. Deleted my files!,1,2025-04-24
91acf3c4-627e-4dbf-a451-51b677078479,App is decent. Could use some improvements.,2,2025-04-17
12d4addb-5ce2-4b8a-ab9e-142434132c32,Good UX. Recommended.,3,2025-05-06
35c3b76b-5c75-43a7-984e-fda77dd4a539,I love it! Super easy to use.,3,2025-04-20
841807aa-1a07-4f3a-85a3-2418402fbff9,"Works fine, but lags sometimes.",5,2025-04-28
49091426-056f-4b98-b8e5-9b074432ae9f,I love it! Super easy to use.,5,2025-05-12
088ae31e-75b7-466e-807d-9144d5c2b18b,I love it! Super easy to use.,2,2025-05-08
39e3240a-bd2e-46e2-8c56-f7826051f791,Customer service is terrible. Avoid this.,2,2025-04-20
b502b21f-921a-4a5b-8bad-548be514b663,They stole my data. Don’t download this!,5,2025-05-06
282e18bb-97f5-475c-be62-0ce36eab843a,App is decent. Could use some improvements.,1,2025-04-19
601473bd-f1a3-4c99-ad50-c1c3bbda9853,Worst experience ever. App keeps crashing.,5,2025-05-14
7ec93adc-d451-488d-9b7c-f5719e91dc1a,"Works fine, but lags sometimes.",1,2025-05-06
9d4d9823-6acc-41a9-9e90-5c7d923fb1d6,This is a scam. Took my money and didn’t work.,5,2025-05-10
4c11b0b2-d285-4b11-a052-ad03b8e2dc12,I love it! Super easy to use.,5,2025-05-13
c77bccb2-1bd1-412c-8598-2e457df502c6,Good UX. Recommended.,3,2025-04-16
026f0f82-bef6-468d-a832-3ddfd87761e7,Very buggy. Deleted my files!,3,2025-04-21
a47bf7e0-faf2-4612-88c2-f4ef143faaae,Worst experience ever. App keeps crashing.,2,2025-05-14
13e5a78a-464e-406a-bb57-1538af4428af,App is decent. Could use some improvements.,3,2025-05-04
876b3838-663a-49f7-9260-9680f264a29c,Worst experience ever. App keeps crashing.,4,2025-05-09
29d340b5-762c-4374-8f92-67161da0e13a,This app is amazing!,1,2025-05-13
38e8f13c-a6bc-4746-a469-a1274b32a067,Worst experience ever. App keeps crashing.,5,2025-05-06
daf6ac42-6150-4925-8ec6-0a29d6c5648b,Worst experience ever. App keeps crashing.,2,2025-05-02
6da13521-f0ad-4003-9aa7-6e35a88fae48,This app is amazing!,2,2025-05-14
6fb9efe4-83ec-4a60-88a9-75428c3838b8,App is decent. Could use some improvements.,2,2025-05-12
8cb14d2d-9bbe-42a8-aac3-dc687f41a45d,Very buggy. Deleted my files!,4,2025-04-21
68d7528d-0b49-45a3-a5b3-5db9e7b0fa60,This app is amazing!,3,2025-05-12
688f878c-6753-4641-ab52-22bcf77d48c9,Customer service is terrible. Avoid this.,3,2025-04-26
0785be7f-abe7-42a3-8a3e-b443beb9c837,I love it! Super easy to use.,2,2025-04-21
bde5e290-0c6e-4f76-90de-d0627f06566b,App is decent. Could use some improvements.,4,2025-04-18
381b791c-17bb-4097-ace0-bf272a610280,They stole my data. Don’t download this!,1,2025-04-25
a1dca5a8-0787-4ef3-97b3-c9cb5bc668b5,Good UX. Recommended.,4,2025-05-05
303864ed-998d-45d9-a9e1-beaee50c88fa,Customer service is terrible. Avoid this.,4,2025-04-22
d983f7e6-5db9-4d8d-a25d-e67bf4e7d2da,"Works fine, but lags sometimes.",1,2025-04-18
4cbd2e50-d8bb-40aa-bf79-a48096f79d48,Worst experience ever. App keeps crashing.,3,2025-05-14
06c75476-c665-41cb-9a99-490374f8ecc1,Very buggy. Deleted my files!,1,2025-04-25
4c7bb575-3c12-4927-8387-b9f3b7464bd5,Worst experience ever. App keeps crashing.,4,2025-04-23
116c2051-6c70-4938-8500-6ead56c68b38,Worst experience ever. App keeps crashing.,3,2025-05-09
c75e07d2-7fa1-4a2a-9a80-1ac92b435913,Very buggy. Deleted my files!,3,2025-05-07
f5c8a579-3013-4f11-83c3-98fda9187001,They stole my data. Don’t download this!,1,2025-05-10
e676bba8-4f87-4cbc-ac97-98d593ff0b5d,They stole my data. Don’t download this!,4,2025-05-15
653233ba-cfa1-4b94-a524-ab47fb5547d6,This is a scam. Took my money and didn’t work.,3,2025-04-29
17870da3-f5f3-4148-ae43-16292aee1907,I love it! Super easy to use.,2,2025-05-01
371443d9-d426-411c-b1e4-552b54b638b2,Customer service is terrible. Avoid this.,2,2025-05-01
6ff1cde7-adcf-43fa-b580-294e98f48281,They stole my data. Don’t download this!,3,2025-04-28
cf70f5ee-34be-4c73-903d-519e0d7467ed,App is decent. Could use some improvements.,3,2025-04-30
7bb4608f-e53f-4e89-9be5-420bdb63dae6,Good UX. Recommended.,4,2025-04-27
ca342218-d584-4faf-a028-6d5e64a5aca0,Customer service is terrible. Avoid this.,4,2025-04-23
c8927bb9-b7bb-46b3-aac0-baa8cc8746b9,Good UX. Recommended.,1,2025-04-24
d94f7a67-e2aa-49a7-b302-35fe61b88ad2,I love it! Super easy to use.,1,2025-05-07
f0d2e85f-87a7-486b-a535-8599a013c8ba,Very buggy. Deleted my files!,1,2025-04-30
3f47d8a1-2fa7-4b18-a9ed-a2be206f0ea3,App is decent. Could use some improvements.,5,2025-05-06
aa9a0937-f99c-4d2e-8957-c0299ecdcc4a,This is a scam. Took my money and didn’t work.,1,2025-04-24
e5ec0d4b-69d7-4e86-8abc-b98ae0ebbe39,App is decent. Could use some improvements.,2,2025-05-12
331d01c4-ebf0-46de-a049-4a7fac086f42,"Works fine, but lags sometimes.",1,2025-04-27
515ef1fa-dbb5-42c5-9abd-e0a4ee59576d,App is decent. Could use some improvements.,4,2025-05-13
79a7b54e-fa39-469d-b62b-a0b5b9112f06,This is a scam. Took my money and didn’t work.,2,2025-05-07
771e0e5a-c309-4bbd-99f8-0e15d7433f2a,I love it! Super easy to use.,4,2025-05-12
d9363aa4-bf58-49e5-907f-4fdb51a442e0,Customer service is terrible. Avoid this.,4,2025-04-17
4a3f2bec-6f9f-4fe1-ad14-4e8c0c5707dc,Very buggy. Deleted my files!,5,2025-04-28
c7109c65-00a8-4ef8-b156-c6da48530e07,This app is amazing!,5,2025-04-25
f7999e86-c682-4012-8534-30aca6a220cc,This app is amazing!,4,2025-05-04
36e29821-603a-46b9-ab38-ee5bc6f5d313,Customer service is terrible. Avoid this.,4,2025-05-13
9f9d6ca8-45e6-4bf2-8765-e097e932b262,Very buggy. Deleted my files!,5,2025-04-18
01453a5b-be41-44af-9552-9f72554035cf,Very buggy. Deleted my files!,2,2025-04-28
22bb0c4e-fb51-4315-8ea6-5c94693db0e0,I love it! Super easy to use.,2,2025-04-26
12044528-d18c-4f95-89c8-a3f4050a8840,This app is amazing!,1,2025-05-14
057e7f5a-318d-4c13-8416-bc8b5670acfb,Customer service is terrible. Avoid this.,5,2025-04-21
88c402b8-0c93-443f-8fe4-54bf53d457e6,Customer service is terrible. Avoid this.,1,2025-05-14
0231e684-d4ba-4ad6-8db6-90c6804bd3f1,Very buggy. Deleted my files!,5,2025-05-11
633d676c-f986-4423-a418-60d15ad84ad7,I love it! Super easy to use.,3,2025-05-14
6bc9bb44-f3c0-43e9-b404-d5958114d7ae,This app is amazing!,5,2025-04-19
a8d57144-1b71-4e2d-aa67-72cd32acf069,Worst experience ever. App keeps crashing.,2,2025-05-09
410974e1-5c01-472a-af58-9b08cc485bd4,Worst experience ever. App keeps crashing.,3,2025-05-11
02541936-b22e-4882-911c-a4a9b2720b65,Worst experience ever. App keeps crashing.,1,2025-04-30
cda77f34-cd6b-43ee-a71a-fa75d5871821,Worst experience ever. App keeps crashing.,3,2025-05-12
87332250-c96f-4916-a1c1-37f9d39054bc,Worst experience ever. App keeps crashing.,1,2025-05-01
5054fa72-b878-4a2c-adae-327523cd691b,They stole my data. Don’t download this!,5,2025-05-12
b259b9ad-d7da-41fe-82ff-5351ae3cb35c,They stole my data. Don’t download this!,4,2025-05-13
d1c9479c-47f6-4082-b95e-a37b5f2f38cb,Good UX. Recommended.,2,2025-04-16
8947ad17-fc52-41fc-b797-821ba1ed33ec,Customer service is terrible. Avoid this.,4,2025-04-23
fe7959d1-1dbe-4a66-8c07-c1b8b5aeece0,This app is amazing!,2,2025-04-19
2fc857f1-7993-41e9-b068-442e1f3d7bdd,Customer service is terrible. Avoid this.,2,2025-05-15
a573a9ef-e984-46e2-9782-eddb155f80f6,Good UX. Recommended.,4,2025-05-13
92efd21f-c366-415b-bb25-841b041a9dc1,This app is amazing!,4,2025-05-12
fc69502e-7b60-4803-89e9-c8fbb463fc47,This app is amazing!,1,2025-04-25
8098ebf9-7364-4e95-8202-3cf762e56720,I love it! Super easy to use.,1,2025-04-19
e15b4d96-b0b4-4638-b783-77905d4667f2,Customer service is terrible. Avoid this.,3,2025-05-09
1cb13525-3681-49f9-a073-f7d65a06463c,I love it! Super easy to use.,5,2025-05-15
b54caf1f-19ef-4f64-ade1-62b64f22f44b,This is a scam. Took my money and didn’t work.,3,2025-04-30
f11fbd17-b77f-4eed-bd3b-27ae0b6765e7,I love it! Super easy to use.,1,2025-04-24
31c2aec5-aebb-4c57-abda-71fb634fe438,App is decent. Could use some improvements.,3,2025-05-05
6abb9359-2768-473b-9741-b33fc09c5ec2,This app is amazing!,5,2025-05-10
4abea801-c877-45bb-903f-96da1784c9ad,Very buggy. Deleted my files!,5,2025-04-25
1170ce2a-0873-41c2-b7c3-264d988835f7,App is decent. Could use some improvements.,4,2025-04-25
874d9c8c-0ec1-477d-9fc1-fcba61dd2821,They stole my data. Don’t download this!,1,2025-04-16
c6c6ee63-66c6-4bb6-9fc5-e3b0913d99c3,Worst experience ever. App keeps crashing.,5,2025-04-22
1e7c4112-00df-4ca1-b0b4-0f7bce7ef9f7,They stole my data. Don’t download this!,4,2025-05-01
7c8be9ed-c327-47c2-b0d1-08a1f197280e,This app is amazing!,5,2025-05-06
a88052b0-e065-4bb7-bd52-a305e95589e3,This is a scam. Took my money and didn’t work.,4,2025-05-11
c5acaa16-8f5e-4e7c-9e59-5f3120258e3f,App is decent. Could use some improvements.,3,2025-05-04
30215995-8f3e-4dd8-af44-77f6881aa52b,Customer service is terrible. Avoid this.,2,2025-05-03
762e151e-b824-4d4e-ab32-44a71a3cde64,App is decent. Could use some improvements.,5,2025-05-14
36f06d11-55e9-4eb3-bdc6-32475adab0e3,Good UX. Recommended.,1,2025-04-23
d93981ce-d0f0-4592-aba3-7d5e89e8b381,They stole my data. Don’t download this!,5,2025-04-23
bb1d5e1b-c546-4b75-bfdc-9c8760918dd0,This is a scam. Took my money and didn’t work.,4,2025-04-16
e5d35d84-98ab-4dcf-a05f-cbdf93875d56,Customer service is terrible. Avoid this.,3,2025-04-23
323c40ef-5203-420d-95fa-0a36281c3af0,I love it! Super easy to use.,4,2025-05-13
46e9de34-7b64-4d7f-91be-29987dab798b,App is decent. Could use some improvements.,4,2025-04-20
94aec521-04b5-4160-a874-92a313b2b2a0,App is decent. Could use some improvements.,5,2025-05-15
b69e26af-6230-433d-aa2f-b347f4aa8cb9,I love it! Super easy to use.,3,2025-04-30
1d8469ee-64b1-4138-827c-56bfabe59b59,App is decent. Could use some improvements.,2,2025-05-02
11763b07-66a5-4ea2-991d-6f75b716d1ee,"Works fine, but lags sometimes.",5,2025-05-12
2a1dd6e4-b2bf-4052-be71-888c3b784f06,Good UX. Recommended.,2,2025-04-24
b9dfe8b4-0aef-40c8-9e4a-8a014371aa08,"Works fine, but lags sometimes.",3,2025-05-03
5269398c-0b52-4913-9c91-9b8b7682dbce,I love it! Super easy to use.,4,2025-04-22
0e5bd2fa-7446-4f3b-9d09-d82d72bf6381,I love it! Super easy to use.,1,2025-04-22
af49218d-081a-4de8-b811-79e88836985b,I love it! Super easy to use.,3,2025-04-18
603f3c67-b257-43b4-926a-842c2fb96577,Customer service is terrible. Avoid this.,4,2025-04-26
fed4d924-0494-4a9d-bf5d-676ba62e0815,This is a scam. Took my money and didn’t work.,1,2025-05-14
d3573d54-61f7-4084-9f1d-1a00608213c4,They stole my data. Don’t download this!,4,2025-04-21
c4bcfa2a-ba51-4305-b814-3c6b234ddcfc,This is a scam. Took my money and didn’t work.,3,2025-05-12
0867c42f-1d6e-4951-988c-3c5ca67c9fd0,Very buggy. Deleted my files!,1,2025-05-10
b65de38b-e62c-44d4-af16-8fe2be051341,App is decent. Could use some improvements.,2,2025-05-02
1c178055-7f40-4f26-b52a-edce399dcc38,App is decent. Could use some improvements.,3,2025-04-25
690ee3b4-c3d7-4647-95e3-6e55f364dd02,Very buggy. Deleted my files!,4,2025-05-09
63c86de3-87e1-43e9-b599-05a78af5ae57,Customer service is terrible. Avoid this.,1,2025-05-09
ebb2da9c-9374-44c9-a0ea-b1e2f03ee8ab,Worst experience ever. App keeps crashing.,5,2025-04-23
767c7065-f1ed-4e56-af6e-aba1fd90989a,This app is amazing!,1,2025-04-19
7512f9fc-5ef2-484c-86ad-5617b51f9163,App is decent. Could use some improvements.,4,2025-05-01
76374d7f-4b01-4360-b2be-649b79bdb5b3,App is decent. Could use some improvements.,5,2025-05-01
df391318-e315-43db-a9ae-595c5d3cfbfc,Customer service is terrible. Avoid this.,3,2025-04-16
eaebd288-ecac-4326-a191-65caf12be3ff,This app is amazing!,5,2025-04-21
62204cdb-0df5-408e-99c9-23d75247ee96,Worst experience ever. App keeps crashing.,1,2025-04-27
f39d1870-773d-4b24-a23b-7b2f1fa98ed0,Good UX. Recommended.,2,2025-04-19
4d88dbab-6f9b-4e02-8b66-d53d0b817ae4,This is a scam. Took my money and didn’t work.,5,2025-05-07
5811aca0-2da5-4dc8-b543-ec2f9905a86f,Worst experience ever. App keeps crashing.,5,2025-05-02
3c117ef7-c364-4690-98c0-d41cacda5415,"Works fine, but lags sometimes.",1,2025-05-06
ef651a1b-1264-437f-aac5-93662f021756,App is decent. Could use some improvements.,3,2025-05-14
16e5f4ce-ce2a-4bed-bdf2-75000b02010d,Worst experience ever. App keeps crashing.,3,2025-04-22
0767c5d4-455b-48e1-8b5e-8b97bb96c701,Very buggy. Deleted my files!,5,2025-05-15
40acb842-7379-4457-a371-6c06587de17c,Good UX. Recommended.,5,2025-04-17
c2db55f1-5b31-42ca-a101-1f6ff3a19c23,Good UX. Recommended.,4,2025-05-14
591adafa-bedf-4bc3-a387-954773dbc1f7,"Works fine, but lags sometimes.",5,2025-04-26
95838aec-4c97-4c84-bea6-1e0b9df2b639,This is a scam. Took my money and didn’t work.,3,2025-05-12
4f35fd03-60d1-45c9-8c89-3179b7910628,They stole my data. Don’t download this!,2,2025-04-25
7e90cb83-f506-4d72-a173-717a82d685aa,I love it! Super easy to use.,4,2025-04-21
2f4da916-4158-4ad3-b9ef-ef81bdcaaef9,They stole my data. Don’t download this!,1,2025-04-16
fdc5f8de-250e-47ac-859a-e36c19be78a6,Good UX. Recommended.,1,2025-05-09
ce76bd5d-e151-45a0-b780-a92561dc7a4e,Worst experience ever. App keeps crashing.,3,2025-05-09
f6d4ef28-9074-44a9-8e72-053b063ff074,Worst experience ever. App keeps crashing.,4,2025-04-16
df3cdc9a-4a3b-473f-b79d-3269690ff9de,"Works fine, but lags sometimes.",4,2025-04-26
8039aed7-8761-4a35-984d-9e6f568f4a63,Worst experience ever. App keeps crashing.,3,2025-05-11
8c309839-02ac-4b0a-8d26-8c27befc6f5d,This app is amazing!,2,2025-05-15
f4ceef8d-4992-4c34-8a39-f2c5c2a279b6,App is decent. Could use some improvements.,5,2025-05-05
3812596e-408b-4263-80f2-dc01de6a57a7,I love it! Super easy to use.,4,2025-05-13
9b49a6f6-5e0d-487e-b754-630310b376e9,Very buggy. Deleted my files!,2,2025-05-03
840f06f2-8271-45b3-93bd-4e348e6f749c,This is a scam. Took my money and didn’t work.,3,2025-04-24
68f01fcc-5aae-4121-a526-c887f4991899,App is decent. Could use some improvements.,4,2025-04-23
b71bc7b5-082f-47a9-b324-981ef6889121,They stole my data. Don’t download this!,4,2025-04-27
db290c48-4e70-4fb5-afb7-7ef9b3f9d45b,This is a scam. Took my money and didn’t work.,3,2025-05-14
c1d96bc2-3c93-47bb-9882-82dacdfeba71,I love it! Super easy to use.,4,2025-05-11
4e3de1cc-d398-4e08-9f23-004d6b5cebf1,Good UX. Recommended.,3,2025-04-30
65279f3c-de2b-4ee4-949a-e382f81579a0,This is a scam. Took my money and didn’t work.,2,2025-04-30
97d5984e-bf0b-4a1b-9f99-88b65e93ba2e,App is decent. Could use some improvements.,2,2025-04-17
97713858-f097-49c4-9479-c1df43709e1b,Customer service is terrible. Avoid this.,3,2025-05-13
1d51319c-eb9a-4afd-b6d8-31a24e99f665,App is decent. Could use some improvements.,4,2025-05-06
8eea0245-afb2-4938-8a65-0510cdd0e233,Customer service is terrible. Avoid this.,2,2025-04-17
ae22bc06-293e-4abe-beaf-fd335b835897,App is decent. Could use some improvements.,3,2025-04-20
506ef11f-aff6-471f-b89d-3021c0f4c5ea,This is a scam. Took my money and didn’t work.,5,2025-05-01
dee54f70-4edf-46c6-bfdb-98d39cad9770,Customer service is terrible. Avoid this.,3,2025-04-18
60550906-bcd9-4e43-b62b-7015fddccdb5,Worst experience ever. App keeps crashing.,5,2025-05-04
babd1b58-5857-4d86-bcbf-0c70f464ce9f,Customer service is terrible. Avoid this.,3,2025-05-02
194e3573-7e36-4957-a963-c0ec14226981,Worst experience ever. App keeps crashing.,3,2025-05-09
3a2fdb19-13c7-43d7-b50e-63580011835e,Very buggy. Deleted my files!,1,2025-04-25
3a824897-b6e7-48e9-b249-6286d6e91549,This app is amazing!,5,2025-05-10
5cdb4d47-338f-4f52-9e72-a3d2e0efa337,This app is amazing!,3,2025-04-30
10ece140-e658-4e14-812c-12cf8b892b32,"Works fine, but lags sometimes.",1,2025-05-09
045498e6-2208-4338-b0c5-f558c85eadfc,App is decent. Could use some improvements.,1,2025-05-13
4d6e4fc0-faa5-4ffb-90ad-d97cfc708c2d,Good UX. Recommended.,4,2025-05-03
6c3645d4-9cf1-43a5-bea4-737bf6525207,App is decent. Could use some improvements.,4,2025-05-11
5b22229c-c74d-41c3-93e1-12a47dc70099,App is decent. Could use some improvements.,4,2025-04-17
a4818f88-325c-4875-aa57-3bdf218ff464,Good UX. Recommended.,5,2025-04-25
c67e52b7-1edb-40f9-99ef-8ee094ba09db,Customer service is terrible. Avoid this.,1,2025-04-18
e5f1d2d7-112f-4e74-8759-a96f25fb3789,App is decent. Could use some improvements.,2,2025-05-03
322930a2-9394-47ab-8ce6-4b2b8ea4d4b9,This is a scam. Took my money and didn’t work.,5,2025-05-14
12cd814d-52c3-4f05-9a3c-9acaa7a0299b,Very buggy. Deleted my files!,3,2025-05-03
17befdc0-4b96-4138-9c9b-10c64c84bcc6,This is a scam. Took my money and didn’t work.,3,2025-05-02
bd825fe4-3cc8-421c-b308-cfc89b0ba21e,App is decent. Could use some improvements.,1,2025-04-24
dbbb0dd3-187c-4a27-ada5-8b9c532b625b,This is a scam. Took my money and didn’t work.,4,2025-04-20
6a1763c9-6529-4e66-9b96-4a1dd41ab88c,This is a scam. Took my money and didn’t work.,1,2025-05-05
a72cb684-7190-4699-bfdc-90fcf4d3554e,"Works fine, but lags sometimes.",1,2025-05-14
75ecdc51-3a45-4dad-8ddd-c80b9cdcad93,Very buggy. Deleted my files!,2,2025-04-19
79144d0e-3070-4174-a913-89be456773d9,Good UX. Recommended.,4,2025-04-22
e6c539c4-022f-4b3a-ac4b-b2737792f1bc,App is decent. Could use some improvements.,2,2025-04-16
14982cf3-3b64-4697-867f-37fa8700a018,They stole my data. Don’t download this!,2,2025-05-11
96e9c556-f463-4035-807e-52962aba0063,Good UX. Recommended.,2,2025-05-01
edb7a8d0-2001-44f6-8823-27c8bfa5fe2e,Good UX. Recommended.,1,2025-05-05
d88a10af-bd3a-46cf-9227-df1af4fe8379,They stole my data. Don’t download this!,3,2025-04-23
37b4afb2-f4d1-4f34-9230-8a89fbad79ed,App is decent. Could use some improvements.,2,2025-04-25
46649e84-2b8e-4992-bb8a-4e92140e8b32,This app is amazing!,5,2025-05-01
96dff5e4-4cd0-4668-b06d-9e14778cdac9,Good UX. Recommended.,5,2025-05-11
4e842c3a-9822-4a3e-9b08-8c157617b927,Customer service is terrible. Avoid this.,5,2025-04-23
09ba8860-4aaf-4b86-90af-b8ff417a0ed2,Very buggy. Deleted my files!,2,2025-05-14
02e0cf66-d32c-42c9-b032-2e67ad3c6bf0,I love it! Super easy to use.,1,2025-04-26
86874b0e-57f5-4948-8b7d-40bf8c43654c,They stole my data. Don’t download this!,2,2025-04-23
54b44b8a-fbff-42ca-8a48-ab27f7055a6e,Good UX. Recommended.,4,2025-04-20
957f6f7e-bc5c-4f7b-8a33-fe00ba8fe526,App is decent. Could use some improvements.,3,2025-04-26
7002a001-b2dd-426a-a67a-b882af14353c,This is a scam. Took my money and didn’t work.,2,2025-04-17
36e07f7a-955c-48df-82f9-e8a3bf28b364,Customer service is terrible. Avoid this.,5,2025-05-13
a3f0cb5f-f7ec-408f-a41e-1c3732033398,This app is amazing!,2,2025-05-04
eaa28ab4-de6f-4bfa-b850-a2504d98cda1,This app is amazing!,1,2025-04-26
c9732c2d-6e32-40b5-acf1-69b45b1879a4,They stole my data. Don’t download this!,4,2025-05-08
248d7520-566b-4930-8bc6-fd73996da131,Customer service is terrible. Avoid this.,3,2025-05-07
008d62f1-09a1-4ee4-8d81-6196fdb66c1d,Customer service is terrible. Avoid this.,5,2025-04-28
7de0cc7b-2b35-4b4c-aca0-f7213194870f,They stole my data. Don’t download this!,2,2025-05-10
f5b44d33-1106-45eb-8f3d-6d84585cfe47,This app is amazing!,5,2025-05-03
b0cd7dea-04cd-4201-b742-f8e9b6053025,I love it! Super easy to use.,5,2025-05-15
e3b95116-c5bb-411f-a9fe-8d32a703d230,"Works fine, but lags sometimes.",2,2025-04-21
e347bfb2-7ab0-4888-a2b9-8fc5a47752f6,App is decent. Could use some improvements.,4,2025-05-03
0dd9a722-3ac7-4541-99db-5a0e0bd0a0c3,This is a scam. Took my money and didn’t work.,2,2025-05-10
1c8058af-e0a7-4aab-a1a9-63136b45c75f,Good UX. Recommended.,5,2025-05-03
aa453f68-3843-4b00-a00e-cd9936c4c833,App is decent. Could use some improvements.,1,2025-05-13
477e85d1-69f2-47bf-b850-b237e5002213,"Works fine, but lags sometimes.",2,2025-04-17
17e13ff7-3c37-4bbf-b4b8-7dfe9c59bff5,This app is amazing!,4,2025-04-26
1c0d31ed-b20a-4808-adc5-307c08bcd1a2,I love it! Super easy to use.,1,2025-04-29
787f8d71-f515-4a19-a540-055adf7185b8,App is decent. Could use some improvements.,3,2025-04-27
a0c89411-c55c-44c5-a1a6-039d65dee718,I love it! Super easy to use.,4,2025-04-24
fbb41dc1-e0a6-4d8b-ae77-8ad0eb8ffe56,Customer service is terrible. Avoid this.,3,2025-04-30
5228e2f6-1249-4bf4-a52f-fa4d604676a1,Customer service is terrible. Avoid this.,2,2025-05-03
b4cfbd80-bc06-4830-8d3e-1a98612b6640,This app is amazing!,1,2025-04-17
28350ed2-877b-4722-b7ef-5787e0574b17,Customer service is terrible. Avoid this.,3,2025-04-18
052152b0-3439-4abe-834c-142ccc8b82b2,They stole my data. Don’t download this!,5,2025-04-27
fc4ebb23-c805-43ca-9d78-b73f99f51e75,Very buggy. Deleted my files!,5,2025-05-15
f3d4a1d7-38bc-4d09-ae82-936f3abaec5d,Customer service is terrible. Avoid this.,5,2025-05-15
4ee16882-9bd9-4f72-b306-92043bc9d00d,This app is amazing!,3,2025-04-22
4a5d5d01-f526-47f1-ac91-e04b76b16a84,I love it! Super easy to use.,2,2025-05-01
d690458c-9043-482e-bb94-24b8b033adc2,Customer service is terrible. Avoid this.,3,2025-04-30
f0379fd3-f313-4318-b398-773944ca0e74,This app is amazing!,4,2025-04-30
f1e39a67-8c6b-4c62-b073-5b36b97077cb,This is a scam. Took my money and didn’t work.,4,2025-05-03
1227a711-d080-455a-9690-42aa1a234ffa,I love it! Super easy to use.,2,2025-04-21
c6e83d26-b4da-4c07-9f44-f70a94b75894,I love it! Super easy to use.,3,2025-04-19
ae64ce32-24a5-4067-8ab8-0c8fa83869e7,Customer service is terrible. Avoid this.,4,2025-04-19
e732b335-16c0-4aae-84ae-5ad4caf4c289,This is a scam. Took my money and didn’t work.,3,2025-05-07
104ab3cf-e861-4e3a-a975-4aa5eaf77f71,This app is amazing!,3,2025-05-10
c0da6df1-c392-450f-b35f-85ff4904c965,App is decent. Could use some improvements.,5,2025-04-25
366f66a4-4e98-4c33-8890-9e4cc48205a5,I love it! Super easy to use.,3,2025-04-17
2a39998f-80ec-4024-95e8-3dea3e6fc2ec,Very buggy. Deleted my files!,1,2025-05-10
b4b205e7-9729-46f7-b336-690065aa899f,This app is amazing!,5,2025-04-25
b30612eb-8f68-4627-adb7-92029e4700c7,This app is amazing!,3,2025-04-21
2aa6be13-f8d3-45c4-8784-e8e6f05d6f73,Customer service is terrible. Avoid this.,4,2025-05-10
f68503bf-e88b-4471-a2c9-656c8dd12730,Very buggy. Deleted my files!,1,2025-04-28
403767f4-31aa-4b9f-87e6-e174c8b5e628,I love it! Super easy to use.,2,2025-04-28
3529bb31-b179-4bfd-9e74-fc3215693bf8,I love it! Super easy to use.,1,2025-05-15
2b0100dd-5623-4c92-91f5-86874ef95c3d,They stole my data. Don’t download this!,5,2025-05-13
eedab22b-c1ec-4ebe-a759-580029af56d9,They stole my data. Don’t download this!,3,2025-05-02
4b256367-fc5d-4db6-868c-fdb602673b0f,"Works fine, but lags sometimes.",4,2025-05-07
0b576403-7b49-4e41-aace-23091ef49557,Worst experience ever. App keeps crashing.,1,2025-05-12
4fcfd13b-87f0-45ec-931c-94b1913eb1b5,App is decent. Could use some improvements.,3,2025-05-04
d255eb6d-f452-4ed0-88c4-8ba3fb24e705,App is decent. Could use some improvements.,5,2025-05-01
1df62571-23a9-4c6d-8586-c11bbf0c8805,I love it! Super easy to use.,2,2025-04-25
91e04676-e7dc-4e0e-bd34-4d5dc26fea01,They stole my data. Don’t download this!,5,2025-05-05
726e7e8f-a4ca-4de5-8484-646f8fd2e870,This app is amazing!,1,2025-05-04
c0e2508d-af2f-4e15-9d4f-5160d837e01c,I love it! Super easy to use.,3,2025-04-16
e16c6c84-fadf-4798-be87-d79ece9c7159,Good UX. Recommended.,1,2025-05-13
3fb18f4b-e0ad-44af-8a01-f872cf881668,App is decent. Could use some improvements.,5,2025-05-09
8ae9ad72-b0ba-4e21-b5cd-842aa27d7d64,Worst experience ever. App keeps crashing.,5,2025-05-08
8bf9aaec-5ed6-47d8-b624-3cbefea7c4c0,They stole my data. Don’t download this!,1,2025-05-08
bf80146e-d7df-4ec6-afea-31979e1fae93,This is a scam. Took my money and didn’t work.,2,2025-04-19
4355aa9c-8617-4905-8c45-ae5f59720e15,"Works fine, but lags sometimes.",1,2025-04-28
99060f86-dd25-4da2-86e0-38ebc32dd540,Good UX. Recommended.,1,2025-04-28
89878a55-d0f6-45e4-b9fb-b6d1431558ed,I love it! Super easy to use.,2,2025-05-12
e6374c3f-6fe3-4c04-ab51-0f895c477d6f,Customer service is terrible. Avoid this.,1,2025-04-25
57706e3d-04d0-44cc-bdc0-10ad22834954,"Works fine, but lags sometimes.",3,2025-05-07
f676666b-c45a-4afb-91cb-ddd952aab448,They stole my data. Don’t download this!,3,2025-04-23
af8d2cfa-7d50-44ed-acd7-ea989be8eda0,App is decent. Could use some improvements.,4,2025-04-16
d81f57e7-ee46-4872-81c5-d66945c38471,App is decent. Could use some improvements.,2,2025-04-20
a8029d69-99ac-46fd-9cf1-be4485906dab,Customer service is terrible. Avoid this.,4,2025-04-29
7bfc751d-67d9-4dab-b9fa-ab794eb87028,App is decent. Could use some improvements.,5,2025-05-05
df3c2d3a-705c-4be0-b61a-1bf9e8eb493a,This is a scam. Took my money and didn’t work.,3,2025-05-11
ad2842cd-26d9-4a10-920f-84bb1ed31f9c,"Works fine, but lags sometimes.",3,2025-05-13
f80bc633-b92e-4036-9e00-34ebc45d4058,Good UX. Recommended.,5,2025-05-15
de7813e1-03ed-48dd-bffe-fe3ddebc4dcb,"Works fine, but lags sometimes.",4,2025-05-09
d4d4306c-191a-4910-9f3d-08d0e53ce8e0,This app is amazing!,4,2025-04-17
c534f7a3-1607-4696-b78b-18261e6aa59a,This is a scam. Took my money and didn’t work.,5,2025-05-15
ad87e53f-3226-44b0-9ede-d4a419939cbe,This is a scam. Took my money and didn’t work.,2,2025-05-05
3b74df07-d840-41dc-bf6e-bd245c78084b,Very buggy. Deleted my files!,2,2025-04-21
c3c23421-f1b1-4e7d-927c-3ee8f8b3bee9,This is a scam. Took my money and didn’t work.,4,2025-05-07
95dc9d6d-56b6-49eb-b616-3e3f2f4496fa,Very buggy. Deleted my files!,3,2025-05-10
8ed046e8-96ea-4de2-a738-5e0ed51e2f63,Worst experience ever. App keeps crashing.,3,2025-05-08
9efead07-58e5-4582-bbc3-148e6ad54b44,This app is amazing!,1,2025-05-03
cebff68e-259d-4528-8d57-4ec8f0b89e13,Worst experience ever. App keeps crashing.,1,2025-04-28
f181c950-fff2-4094-8033-ea98844202aa,App is decent. Could use some improvements.,4,2025-05-07
f6459794-7229-4725-82a4-91757d5f5967,This is a scam. Took my money and didn’t work.,5,2025-04-24
bce260d8-0452-415d-b208-bacf8eb9a0d8,Worst experience ever. App keeps crashing.,3,2025-05-15
023054e9-d820-40ad-9ffd-8dd0c9fe519e,"Works fine, but lags sometimes.",3,2025-05-15
d175fe5e-b2f1-49e5-8129-56296d7e40d5,"Works fine, but lags sometimes.",2,2025-04-26
7827a315-374b-423e-a316-2dbb3644d472,This app is amazing!,1,2025-05-11
8ae83ada-c144-4fae-8913-b0f67e0ae047,Good UX. Recommended.,5,2025-05-13
bab4e77b-0066-4eec-80e0-cb056ba0a39a,App is decent. Could use some improvements.,1,2025-05-03
850c8069-5160-4867-be96-32623a92c843,Very buggy. Deleted my files!,1,2025-04-24
769af1cd-f69b-4c9c-ae16-1c1934f20d60,"Works fine, but lags sometimes.",2,2025-04-23
c730d005-d564-4e04-8e72-7fe7ca357eb6,This app is amazing!,2,2025-05-05
c995057f-d85f-4843-a337-cb5a6eab2bbf,Good UX. Recommended.,2,2025-05-11
1f408a79-9815-4a5a-bb37-5d2c40dd6922,This is a scam. Took my money and didn’t work.,3,2025-05-04
bd8cac08-e184-4283-b229-e904b4ff1bd0,This is a scam. Took my money and didn’t work.,3,2025-05-13
ec47dcfb-62e6-4fd4-8e67-9b3e16f07309,Worst experience ever. App keeps crashing.,3,2025-04-21
4a3cc92b-3517-4915-a162-f530c3393f8e,Very buggy. Deleted my files!,4,2025-05-01
0aabce5e-9008-4c79-8f30-c929bbc08210,App is decent. Could use some improvements.,2,2025-04-27
387884fa-a910-4d67-ba49-71be98093df1,App is decent. Could use some improvements.,4,2025-05-09
ea49684f-5f83-4544-a4a9-c8e89a97e8a6,This app is amazing!,1,2025-05-03
634fec43-4ed0-4a9c-8649-4ca10fb41f00,Very buggy. Deleted my files!,5,2025-05-03
6099e9f3-0dc0-46b6-a752-08e654039374,Good UX. Recommended.,3,2025-05-15
5fdd5a02-7a86-40b7-922c-5d7d5ab3865d,This is a scam. Took my money and didn’t work.,1,2025-04-28
4baf04d9-931b-4ce8-8061-ee87a20bd516,"Works fine, but lags sometimes.",1,2025-05-07
f9cb12ac-07a4-4ad8-8880-3928f5c3faad,They stole my data. Don’t download this!,3,2025-05-13
aa108845-26bb-4b97-aff7-1324c8827c38,App is decent. Could use some improvements.,1,2025-04-22
62272649-76aa-4a35-8380-a8a12e8c506d,App is decent. Could use some improvements.,1,2025-04-26
d4e9142c-9901-48e6-8e53-f89ac60c9111,I love it! Super easy to use.,4,2025-04-30
4bac72bf-77d7-44d2-8f93-f74db8dff462,Worst experience ever. App keeps crashing.,5,2025-05-10
26671dc4-a04e-4abb-9d36-043f633a301c,"Works fine, but lags sometimes.",3,2025-04-22
8e94a40e-b378-428a-a304-935e9c3cf859,"Works fine, but lags sometimes.",3,2025-04-16
6ef45725-b221-474b-a823-2f080a62d360,Good UX. Recommended.,2,2025-04-26
cea1523a-94e6-4287-9151-0f784440b684,This is a scam. Took my money and didn’t work.,3,2025-05-15
71af6f1d-51ae-4377-8ff5-17a851681d68,"Works fine, but lags sometimes.",2,2025-05-14
ebcf1b1e-8691-4ce1-be61-67118d7042fb,Worst experience ever. App keeps crashing.,4,2025-04-26
e883964a-bf1d-49aa-94c4-7b49ad1104d8,App is decent. Could use some improvements.,4,2025-04-24
826e70f0-9878-4390-a544-8e40899d2572,Customer service is terrible. Avoid this.,1,2025-05-07
e07bb12d-21b4-4762-9833-7edc17eea472,They stole my data. Don’t download this!,3,2025-04-18
0de7d7a0-af87-4a8a-a2a3-25f0b6f02df2,Worst experience ever. App keeps crashing.,2,2025-04-28
4125e95b-133c-442e-8845-78b394811130,This is a scam. Took my money and didn’t work.,5,2025-05-14
9a3c6153-4165-403d-9a3a-fe8285f85adf,I love it! Super easy to use.,1,2025-05-13
f9315ba5-b6f9-4e96-8123-2e696a9855e5,Good UX. Recommended.,4,2025-04-21
8a757967-7605-421c-b512-05e6a2f533ae,Very buggy. Deleted my files!,4,2025-04-18
4ebc45f1-c066-4749-b8f6-8ff6932ecc0e,Good UX. Recommended.,2,2025-05-05
6c341b04-4ebd-42c0-a9d7-aa01a9cb2c1e,I love it! Super easy to use.,5,2025-05-13
b3151650-1e06-4311-899f-aed5ad2e07dd,Customer service is terrible. Avoid this.,5,2025-04-17
4879bc92-c034-46a0-a8ec-40dc526dd7c4,Good UX. Recommended.,4,2025-04-26
fdd99b61-cfcc-45df-a150-9cd869741c5a,I love it! Super easy to use.,2,2025-04-21
722e4f9f-2b40-4272-bf59-95979ccf0e7c,Worst experience ever. App keeps crashing.,3,2025-04-20
20049589-dc7e-4f53-844a-7e9bb897e126,Worst experience ever. App keeps crashing.,2,2025-05-09
3c887c48-68b5-4f9e-a5bc-125fbb260b84,App is decent. Could use some improvements.,2,2025-04-26
b2e6e896-4ab4-438c-b8e8-46993dfb8b0f,App is decent. Could use some improvements.,3,2025-04-19
1234a66f-ab48-4edf-9336-c7af970cb985,Very buggy. Deleted my files!,2,2025-04-21
cc6d1138-6d35-4397-8dae-f66dbc802452,Very buggy. Deleted my files!,1,2025-04-26
cdc10f11-549e-4de3-83ae-8eb19bc9d072,I love it! Super easy to use.,5,2025-05-07
d462cc54-b2df-4104-8b57-381b27556469,Worst experience ever. App keeps crashing.,1,2025-05-06
805a3b30-6013-4cdb-8695-df692fc0cb82,Very buggy. Deleted my files!,5,2025-05-02
3b51bc2e-6eae-43d6-ba25-0b110e86ce82,This is a scam. Took my money and didn’t work.,1,2025-05-03
2abffbfa-09dc-4b6b-83d0-f92835f987de,Very buggy. Deleted my files!,4,2025-04-25
8cb241ff-d832-4173-af17-acbbddace70e,This is a scam. Took my money and didn’t work.,3,2025-04-20
f8979cab-fd1e-4444-868b-dc4c2aae1e94,Customer service is terrible. Avoid this.,5,2025-04-30
5df5f5d4-5845-4b02-ac3d-7f355bed6899,Worst experience ever. App keeps crashing.,4,2025-04-27
9cd0b074-912b-4ad7-a3b6-864f6517508f,"Works fine, but lags sometimes.",4,2025-05-07
b48530e7-8bc3-4dea-b8d3-3011bc4c662d,This app is amazing!,4,2025-05-08
2319daec-2dd8-42b0-9393-c752c530e5bc,"Works fine, but lags sometimes.",3,2025-04-23
3524e0bb-902e-4a5a-80aa-366ea1b1f769,App is decent. Could use some improvements.,1,2025-04-23
6abe356b-8587-4ca2-b09a-8afe72d9e9b6,They stole my data. Don’t download this!,3,2025-05-12
d0a4831d-d621-47a7-83da-971e404aa26c,Worst experience ever. App keeps crashing.,3,2025-04-22
fa482318-7b91-4ee3-8790-5f6f50b2a33d,I love it! Super easy to use.,2,2025-05-15
77f6078f-c83d-4233-b089-59f7ca692db1,"Works fine, but lags sometimes.",3,2025-05-02
2104c4b9-6d6f-4f2c-afd0-5cb18d0e2cdb,Worst experience ever. App keeps crashing.,5,2025-04-27
13bb0390-293a-4aff-a243-84611402f914,This app is amazing!,2,2025-04-22
7502d475-d8e5-49ca-9476-160f4df5549c,Very buggy. Deleted my files!,2,2025-05-04
7207d7b6-7d8f-4a87-ab7e-54a13f6d2a74,Worst experience ever. App keeps crashing.,2,2025-04-29
d71120f2-87bb-44fb-9713-9e321efcf15d,They stole my data. Don’t download this!,5,2025-05-14
0b9f670e-294f-4cef-bef1-2b256fc22a44,They stole my data. Don’t download this!,4,2025-04-21
adfd8dea-16b5-4a7e-98b9-87b30baa9c0a,Customer service is terrible. Avoid this.,3,2025-05-05
1e4acf9a-e2ff-4a1e-816f-60af0519dd31,Customer service is terrible. Avoid this.,3,2025-05-09
9ff4c2b4-ae9d-44b3-88a8-9c70c0e4d303,Worst experience ever. App keeps crashing.,5,2025-04-22
6b342f25-a468-444f-b65d-74c7621618c1,This is a scam. Took my money and didn’t work.,5,2025-04-24
d9d39181-573f-4abc-af99-b3488c1b93dd,They stole my data. Don’t download this!,4,2025-04-22
67b3b026-5744-44a0-8f48-b5ff545cb9fa,This app is amazing!,3,2025-04-16
5e8bcd94-36d5-4691-a32e-1aa293f22af9,Very buggy. Deleted my files!,5,2025-05-13
65c55cd6-b1dd-4a4b-a454-07bb0bc6a056,"Works fine, but lags sometimes.",4,2025-05-14
e14a9edc-1eb2-4dcb-aa50-6e200ce8b608,Good UX. Recommended.,1,2025-05-14
1b4c740f-a3fa-4ac9-ba95-4333ede845ef,This is a scam. Took my money and didn’t work.,4,2025-04-21
b61ef090-f4c3-4223-ad4a-c57237ecd775,This is a scam. Took my money and didn’t work.,4,2025-05-09
15bcadfe-0b05-469f-bd5a-5ac3695872cd,Worst experience ever. App keeps crashing.,4,2025-04-29
4126636c-a735-4b9b-b10a-39a07dee91e3,Customer service is terrible. Avoid this.,2,2025-05-13
f5271cfd-619d-407b-b9a6-124755b6ef60,This app is amazing!,2,2025-05-09
487666c1-d34f-401b-bdd4-bfe5fe9b3a7c,Customer service is terrible. Avoid this.,2,2025-05-15
e6828582-138e-4070-8226-5b62528342ac,Very buggy. Deleted my files!,5,2025-04-20
bbcfc6fc-9d02-48b2-a8ff-0a1b56a01b2a,They stole my data. Don’t download this!,3,2025-05-08
c5f45ee5-91bd-4c92-a744-7b47e8ce14c4,This is a scam. Took my money and didn’t work.,4,2025-04-27
20286288-185a-491b-95f3-d4407755dd06,Very buggy. Deleted my files!,5,2025-04-27
f5ed2523-6cd3-4e3d-b09f-7fdd864498ab,I love it! Super easy to use.,2,2025-04-23
a3be3acf-0f5a-4d6b-8b2c-bc54782dfc97,"Works fine, but lags sometimes.",1,2025-05-13
7d68cc1d-0d17-442c-89c2-90858f663123,Customer service is terrible. Avoid this.,4,2025-05-04
b97458f7-2e25-4531-bea3-dca559a75838,I love it! Super easy to use.,2,2025-05-14
529d0edd-87fd-4c14-9b02-214e8a0782cd,App is decent. Could use some improvements.,4,2025-04-21
ef8bce1a-8792-46a7-8636-be56c96128f8,Worst experience ever. App keeps crashing.,1,2025-04-23
76795526-43e2-47f3-b5a0-255b6ffc1ffc,Customer service is terrible. Avoid this.,3,2025-04-21
89cbbf0e-014d-4ad2-90d0-233b5f429b0c,Very buggy. Deleted my files!,5,2025-04-20
84bb4e22-f820-41a2-9b32-c28fc3c8cf73,I love it! Super easy to use.,5,2025-05-05
129f0098-1ed5-456d-b95f-6bc7002e9adb,"Works fine, but lags sometimes.",3,2025-04-28
63e5f02f-bf36-4c5c-a064-8486e740d996,App is decent. Could use some improvements.,2,2025-04-16
820a7c7b-7dd0-44fb-b287-c0352923dc25,This is a scam. Took my money and didn’t work.,1,2025-04-24
ad230f6a-ef7d-47e9-bb0b-e31f03fa3c9e,I love it! Super easy to use.,5,2025-05-08
dad67915-636e-4081-a383-2bce43d7c520,Very buggy. Deleted my files!,4,2025-04-29
92a6de00-4303-49c5-b187-afb475a85a74,Very buggy. Deleted my files!,5,2025-04-24
6321f54a-15f3-487c-ad2c-d1a4cfa3627a,I love it! Super easy to use.,3,2025-05-15
ac1a0888-c7ae-409c-b042-93179f5b12f1,They stole my data. Don’t download this!,3,2025-05-02
0598942e-dfd9-4233-b8c4-0e4d780ae9cd,Very buggy. Deleted my files!,1,2025-05-03
88f7fc7c-b076-46d7-a035-cd457fb7a287,Very buggy. Deleted my files!,3,2025-04-25
1c51a84f-1587-4547-b280-f62aeb05a22e,App is decent. Could use some improvements.,4,2025-04-24
39da9878-5baf-442a-ae9c-4e0a5a79e201,Very buggy. Deleted my files!,1,2025-05-10
a74a23e6-8028-4d1f-bfb9-b378f08bbd7a,"Works fine, but lags sometimes.",2,2025-04-21
20b414d7-ba38-4bbc-8356-e56c6f76627c,"Works fine, but lags sometimes.",4,2025-04-18
7511b38f-7882-4e3d-9c06-8c4af4544538,They stole my data. Don’t download this!,4,2025-04-16
e875f1fa-cb47-45df-b87b-7dc7e3106b9b,Good UX. Recommended.,4,2025-05-02
9663dc6a-2767-4591-af16-9afd511ae708,This is a scam. Took my money and didn’t work.,3,2025-04-22
629bb656-d475-4329-aa61-8707cef2bb40,Worst experience ever. App keeps crashing.,2,2025-05-10
f8052835-676a-42c3-8f69-6c4b44a4ba79,Worst experience ever. App keeps crashing.,1,2025-05-08
52d3bb2c-17d9-4b56-aaec-b439b079cf7d,Customer service is terrible. Avoid this.,4,2025-04-17
46f25187-7c17-4e84-9281-5e6d53715634,This app is amazing!,3,2025-04-27
460f122c-56a5-4d6c-a01c-bb83f7a717df,Worst experience ever. App keeps crashing.,3,2025-05-12
c1fbee6d-4cc0-4c8c-a940-2899b1076c9c,I love it! Super easy to use.,1,2025-04-24
d322d2dd-2f39-4675-9548-53c773cb3090,Customer service is terrible. Avoid this.,3,2025-05-03
da49b8c5-91e0-4b55-b2e7-362e072002e0,"Works fine, but lags sometimes.",5,2025-04-21
994ea4f0-a55e-4a84-acce-b4deb2d2e679,They stole my data. Don’t download this!,2,2025-04-23
c929e7dc-7b9e-4c43-8fda-71504730b64b,Customer service is terrible. Avoid this.,2,2025-05-03
6133ac0c-42e8-4721-be90-4f3f4654cfc6,Good UX. Recommended.,3,2025-04-20
5e9ddd84-db0d-43a3-98b5-79e7bc21ab83,Customer service is terrible. Avoid this.,5,2025-04-24
4da52633-cc4e-49c1-ab6b-619867406972,Very buggy. Deleted my files!,3,2025-04-28
cb2a63f5-524d-44b6-a176-6ebc5826e9da,Worst experience ever. App keeps crashing.,3,2025-04-27
6a19639f-5d0b-4261-b3ea-0312621923fc,They stole my data. Don’t download this!,5,2025-04-20
a3ef309f-d9c7-4fca-9600-e1300a6ba65d,Very buggy. Deleted my files!,5,2025-04-21
172fa195-bbb3-4a09-8753-a859a72c7e8b,This app is amazing!,4,2025-05-09
54e0a685-f931-4236-ba18-490b358fe1e0,Good UX. Recommended.,2,2025-04-28
aa4cb919-25c0-4674-ae63-a40a7f1991ba,This is a scam. Took my money and didn’t work.,5,2025-05-07
58b109de-ec80-4c02-bb63-f1789c314d7d,They stole my data. Don’t download this!,3,2025-04-29
59c48a0a-967a-4ea9-acfe-0d20581158f5,Very buggy. Deleted my files!,3,2025-05-08
80467f95-9462-4179-88e6-f08ca0c3cd1a,App is decent. Could use some improvements.,3,2025-05-11
4b22569a-8515-446a-822a-28f72146cd32,"Works fine, but lags sometimes.",5,2025-05-04
2605030d-d892-4bc6-b8e1-4914bf1d91e4,This is a scam. Took my money and didn’t work.,1,2025-05-10
d7d1069e-425e-43f8-9420-0f0d9ca9e6d4,Worst experience ever. App keeps crashing.,5,2025-05-08
7949eaf3-548c-44cf-a6a5-6bcb0369b0c8,This is a scam. Took my money and didn’t work.,2,2025-04-30
c244478a-b41f-4624-9aea-9fe157ebad0b,This is a scam. Took my money and didn’t work.,1,2025-05-01
f9a2b4a3-72f4-4673-926b-8f6b68e7939d,I love it! Super easy to use.,1,2025-04-19
3cd1d82e-6983-4dd1-834b-0e22f51c03c8,Customer service is terrible. Avoid this.,4,2025-04-24
9ce9484a-b25f-44e9-8510-41e507cf6e2c,Customer service is terrible. Avoid this.,5,2025-04-21
a69441bd-c5d6-479a-936b-c131f01e5ccd,"Works fine, but lags sometimes.",2,2025-05-10
e46a289a-a437-4234-b0b0-f924f169b212,Very buggy. Deleted my files!,4,2025-05-11
59f5d5dc-b23e-4622-886d-e64cb6443b1a,Good UX. Recommended.,2,2025-05-03
696675f9-278a-4842-98cc-0976c4e12d64,This is a scam. Took my money and didn’t work.,2,2025-04-24
83f129a7-4b02-487f-9aa4-c84531857fd3,Worst experience ever. App keeps crashing.,5,2025-04-23
26bc6e52-3ef5-4a5e-9468-d7162616fd85,App is decent. Could use some improvements.,2,2025-04-25
ac585544-2d7f-483f-86c9-b94509a86dfb,Customer service is terrible. Avoid this.,2,2025-05-05
367b1d79-afff-424c-bc22-615d5878ee8a,App is decent. Could use some improvements.,2,2025-04-17
e810797c-168f-4266-9cdc-55d2947a853e,"Works fine, but lags sometimes.",3,2025-04-22
39e40ca5-a735-40fa-8e11-f63c1d28d297,App is decent. Could use some improvements.,3,2025-04-21
4030c47b-84d0-4583-a4a1-8d1cb71c26ef,I love it! Super easy to use.,1,2025-04-16
892a0fcc-08ce-4422-a687-618f112ac7ea,This app is amazing!,5,2025-04-23
2fd3e2e4-1c74-4fd4-a025-49b9124df897,This is a scam. Took my money and didn’t work.,2,2025-05-07
5447ba77-de36-42c4-abc1-dcfc29c32a3a,Good UX. Recommended.,1,2025-05-11
8ac3a5c9-f438-4abb-af1e-950b78bc876b,Good UX. Recommended.,3,2025-05-13
fbf7e5b2-7d01-4b1c-819a-8d7e20a6307b,Good UX. Recommended.,1,2025-05-12
980c7b27-e1a1-454e-aaf1-821b9a440bca,Very buggy. Deleted my files!,1,2025-05-02
4cfce873-2494-45a6-ad16-9018ec0c080f,Worst experience ever. App keeps crashing.,5,2025-05-15
1db6edf9-6c3a-40d2-80bc-760566eff077,Good UX. Recommended.,3,2025-04-17
c4df4a8b-04d6-4348-9aee-9180caf799fb,Very buggy. Deleted my files!,1,2025-05-05
ee70cdea-18b2-4202-9a45-5c41977802c7,Very buggy. Deleted my files!,4,2025-05-02
14e63f58-7ecf-4d6f-8480-9dc91a9765bc,Good UX. Recommended.,2,2025-05-10
a08355f1-ad98-4a28-887a-2ff663ad3506,This app is amazing!,5,2025-04-27
29fdb593-0b04-4700-a667-f2b3f0693f35,This app is amazing!,2,2025-04-23
877eb0ff-a19f-4fcb-a55d-dc51bc8de940,They stole my data. Don’t download this!,1,2025-05-09
f3b61199-0656-443a-843d-4295c48645e8,I love it! Super easy to use.,3,2025-05-06
bd2f738f-4432-4554-8fde-34dc3aec26d3,This app is amazing!,1,2025-05-04
7a262e13-f342-499a-9f4e-4e25e918dea2,"Works fine, but lags sometimes.",1,2025-05-06
8f9aa362-5c1e-46aa-96b3-3e6b910e895d,They stole my data. Don’t download this!,3,2025-05-10
db318261-5456-4c2b-b415-aa7dbe3909c1,This app is amazing!,2,2025-05-08
c9824431-87fa-40e5-8e51-9a00aedcc156,This app is amazing!,3,2025-05-03
b5cacc2f-e5a6-45a6-9215-924f4aeeed5f,App is decent. Could use some improvements.,2,2025-05-14
9b9407a4-ad55-4504-8d2b-7a25cc9aade8,This app is amazing!,1,2025-04-29
27432a11-e7e9-4ac5-8c86-3680b11990c7,Customer service is terrible. Avoid this.,1,2025-04-21
382c2ba4-d1ef-4542-9f4f-a9aa55b042c2,Customer service is terrible. Avoid this.,2,2025-05-07
798dad18-a844-43a7-bdfd-0e867e9c5d0c,Customer service is terrible. Avoid this.,2,2025-04-24
4e69fb03-57ea-4769-a97b-0892554bad74,"Works fine, but lags sometimes.",3,2025-04-19
a7dbe564-5298-41e6-aa66-3b5dcc3baf03,"Works fine, but lags sometimes.",5,2025-05-01
6116c4bd-179f-4bff-8947-c9bf285af2b6,App is decent. Could use some improvements.,1,2025-04-30
74911039-227c-413a-b02d-493b2061e75e,I love it! Super easy to use.,4,2025-04-21
b95526ac-0716-4b06-bd45-984b0e0a7e5f,Worst experience ever. App keeps crashing.,3,2025-04-16
d583546a-65ee-4097-a276-6ef9f4741d3d,This is a scam. Took my money and didn’t work.,4,2025-04-17
1f8a944c-dab3-43d8-b45e-52eb5bb75a35,Good UX. Recommended.,2,2025-04-30
b3cb5e79-b3d7-43ce-a60f-f85a681bbc6e,"Works fine, but lags sometimes.",5,2025-05-15
46d7ea59-b693-4359-a587-cd2b50c73324,Very buggy. Deleted my files!,3,2025-04-26
d23f099f-b1e0-4c55-a4c4-4a4e4d5a148b,Very buggy. Deleted my files!,2,2025-05-14
07aa731b-c311-4582-a873-71e3b0604ce8,They stole my data. Don’t download this!,4,2025-05-08
91507115-1d0f-4f0c-b8d0-a2c40b8d002d,"Works fine, but lags sometimes.",3,2025-04-22
16b58fb1-7945-4f7a-b96a-58dac6c22669,I love it! Super easy to use.,3,2025-05-06
317581b5-83bf-41b0-a495-5034b1fb0c70,Worst experience ever. App keeps crashing.,1,2025-04-23
9dfa72ef-d937-4182-a08a-dec184f8a4cb,I love it! Super easy to use.,3,2025-04-21
66828b71-0761-41bd-a875-f3643a2d003d,Customer service is terrible. Avoid this.,3,2025-04-20
d4c0bdef-1fd8-449c-8fc4-55429f1406e1,Good UX. Recommended.,5,2025-04-24
40461ef4-08c6-49a0-987a-c4a584ebb848,App is decent. Could use some improvements.,4,2025-04-20
36818580-1eba-43a1-8968-95b268f4fe48,App is decent. Could use some improvements.,2,2025-04-21
07869046-55cd-435c-ac95-c28d4b04a8e0,"Works fine, but lags sometimes.",1,2025-04-17
cd6cd97b-8773-457b-9092-e9c3841e6d37,Very buggy. Deleted my files!,5,2025-05-08
78f01c04-8641-4530-8343-15796500e59a,This is a scam. Took my money and didn’t work.,5,2025-04-20
a7a0e423-9b0c-4e92-99eb-3dae6596ff6e,I love it! Super easy to use.,1,2025-05-08
94f337f7-5090-44bc-92d2-7b7bb6c36f03,Worst experience ever. App keeps crashing.,1,2025-04-17
1486df63-21ec-4a7d-8e1b-b03f0e0b7d69,This is a scam. Took my money and didn’t work.,3,2025-05-12
93bfdebe-f017-414d-aac6-3fa112ed3431,This is a scam. Took my money and didn’t work.,4,2025-04-24
e8d16dbc-f840-4c10-8c3d-47926bd9c37f,I love it! Super easy to use.,4,2025-05-02
57186969-b035-4afc-828e-1a4dafb147bc,Good UX. Recommended.,4,2025-05-02
3f675d6f-b6d6-48fb-92a4-fe2ce144f03b,I love it! Super easy to use.,5,2025-04-28
36847fcd-761d-4b71-9cea-2dbed752d846,"Works fine, but lags sometimes.",1,2025-04-25
2c75d450-f791-4365-81fe-f64848537131,They stole my data. Don’t download this!,2,2025-04-30
a85b80a9-0aef-4825-b265-4f69afa8c00f,I love it! Super easy to use.,3,2025-05-10
044e7e26-a91b-48a3-b3c9-09ee7be20dcd,Worst experience ever. App keeps crashing.,5,2025-05-11
0a38ac06-ed27-43cc-935c-bc3455b615cf,Very buggy. Deleted my files!,5,2025-05-09
977fd352-aa9b-4fb9-90b7-2a0cc51df569,Worst experience ever. App keeps crashing.,4,2025-05-15
abf9835a-892f-43d0-ae9e-677a7a580a7f,They stole my data. Don’t download this!,5,2025-04-19
203ecfd5-f880-43f5-b7cf-c431c1e79695,They stole my data. Don’t download this!,2,2025-05-11
01fd016f-3bcd-48db-bcbf-9e83b7dc479c,"Works fine, but lags sometimes.",5,2025-04-17
15d68f75-29c1-4085-9cb7-2eb0176f712c,I love it! Super easy to use.,3,2025-04-29
e3d63df0-843a-41e6-9968-627d795d029f,Very buggy. Deleted my files!,5,2025-05-01
f02535e9-a6cf-4c30-9cf7-215864497c11,This is a scam. Took my money and didn’t work.,3,2025-04-21
57df78b0-a156-47f9-9686-92b65b25c459,They stole my data. Don’t download this!,3,2025-05-13
7f9371f8-d902-447a-8f0e-efa454e0ab6e,This app is amazing!,4,2025-05-11
6d3d6dba-2946-409b-a47f-8ad21224a11a,Very buggy. Deleted my files!,2,2025-05-08
66caa8a1-888a-477a-810e-0bdc6ea48bc6,I love it! Super easy to use.,5,2025-04-18
db6d91e9-2212-4ae7-ae34-ca419c0c778b,Worst experience ever. App keeps crashing.,4,2025-04-22
8c7de323-fa29-47fa-8e3e-2279172fcb2b,"Works fine, but lags sometimes.",5,2025-05-07
5192e1a2-92fd-4a9f-91fc-77e41973a793,They stole my data. Don’t download this!,5,2025-04-18
04cf6080-811b-4761-a0fe-e3d680769943,This is a scam. Took my money and didn’t work.,4,2025-05-10
95144c3c-b969-452d-9f5f-55033d24c959,This app is amazing!,5,2025-04-20
08211be2-d832-46c4-82e0-857e0e88ee8c,Worst experience ever. App keeps crashing.,1,2025-04-18
3e537daa-89af-41e8-aebb-b62701c145d9,Very buggy. Deleted my files!,4,2025-04-27
cc1d6e99-4ece-4cb4-8bea-9d629bdb53a2,Very buggy. Deleted my files!,5,2025-04-27
d8dab0bd-60e8-4bbc-afff-b15dc026463c,I love it! Super easy to use.,4,2025-04-21
e192f644-78c8-419d-bad9-d952ffabd900,App is decent. Could use some improvements.,5,2025-05-02
124e76b5-15cc-4b97-aee7-4c800058c17f,Worst experience ever. App keeps crashing.,5,2025-05-10
d4bd3b0c-d5ca-4348-a7a3-57f10d72b066,Worst experience ever. App keeps crashing.,1,2025-04-21
fd4bff19-e9ec-4779-9d05-e979d3998912,"Works fine, but lags sometimes.",2,2025-05-14
5074cf99-5e62-4399-9dc6-e676c9e9f160,I love it! Super easy to use.,4,2025-04-30
5ab153ec-d580-46f6-b080-b05c1eb1a00a,They stole my data. Don’t download this!,4,2025-04-18
30205614-34ad-43ee-a64f-26bfcc5bce5a,They stole my data. Don’t download this!,1,2025-04-28
02f42a26-95c6-4d06-b069-2da0e02cfb4a,Customer service is terrible. Avoid this.,3,2025-05-07
01d66d4d-b6c8-4a3d-8888-27b96cb17183,They stole my data. Don’t download this!,5,2025-04-19
94579360-44f4-4752-82a2-96536b8515ca,This app is amazing!,2,2025-04-26
1a4b2080-d633-4f2b-a016-25fa643bf8e3,Customer service is terrible. Avoid this.,2,2025-04-18
441d2327-5088-4ede-ab89-de0105c94afe,This app is amazing!,5,2025-04-25
823dd317-40e2-454b-b77c-134fb237f681,Good UX. Recommended.,2,2025-04-21
8a2fe163-8370-41f8-9f05-11dbf6143bf5,Worst experience ever. App keeps crashing.,4,2025-05-15
59d771b5-cfc7-4244-a183-661a3e3f2471,This app is amazing!,2,2025-04-22
915d2698-3a6b-4733-a4e3-9e3b752895ae,"Works fine, but lags sometimes.",5,2025-05-10
1f592404-62f8-4843-9596-df7f3f1b6e0e,"Works fine, but lags sometimes.",1,2025-04-16
62d32982-25b8-4f41-9bb3-f423bbb3a248,This app is amazing!,2,2025-05-15
419d482b-64db-4828-9b3b-21fe4b936c35,This is a scam. Took my money and didn’t work.,2,2025-05-12
09a52ff1-61c5-4a38-8896-ac2300cf8848,App is decent. Could use some improvements.,3,2025-05-13
1f53e49e-d964-4c1e-aaf9-5ca7cb0f93f7,I love it! Super easy to use.,2,2025-05-10
dd738b4d-01ad-4f3e-9829-e60270ac5089,Customer service is terrible. Avoid this.,3,2025-04-24
22f72e6e-5fdf-4cc1-b614-58312f189489,I love it! Super easy to use.,3,2025-05-15
2e819175-ac3a-4bb7-bf12-3bce44921cd4,This app is amazing!,4,2025-05-12
983cd904-86a6-43cc-9c4b-1e70060d8880,Good UX. Recommended.,1,2025-04-28
c3bf810f-bb72-4556-b66f-7b4a94b19706,Very buggy. Deleted my files!,2,2025-05-11
97df713b-4790-4621-ac05-1baba59785a0,Good UX. Recommended.,1,2025-05-05
764b7e64-bb62-4e3e-9e9e-134af0eb77f4,Good UX. Recommended.,1,2025-05-07
fd8fe614-67f9-4986-8b71-ef384eecb40f,"Works fine, but lags sometimes.",4,2025-04-22
a7476f47-ea10-4b28-ab52-0947393f3f17,I love it! Super easy to use.,3,2025-05-09
34ad51ed-2483-4a41-905a-bbc735f95c06,Very buggy. Deleted my files!,2,2025-04-29
985bbf14-bf4d-457f-9fdd-61735a2737c7,Worst experience ever. App keeps crashing.,5,2025-05-03
01e5a343-fda0-4ff9-995d-1eb8bd4ad603,Worst experience ever. App keeps crashing.,1,2025-05-01
1dfa65bd-3c28-42ab-a4e2-bfbe260fead1,Very buggy. Deleted my files!,1,2025-05-10
629623b7-6232-4e00-af1a-2e16857b724b,I love it! Super easy to use.,1,2025-04-18
40cfbca6-c626-4b8c-a12a-448bece612b9,Worst experience ever. App keeps crashing.,1,2025-05-03
7bf60e32-e8e3-4fc8-bab7-357b8e230064,This is a scam. Took my money and didn’t work.,5,2025-05-13
02049d19-a870-4a8b-8b3f-3355c03dc5a6,This is a scam. Took my money and didn’t work.,1,2025-04-16
777f2247-d699-4a87-a35e-fb55af25e59c,Good UX. Recommended.,2,2025-04-26
fa5f192e-028b-4ba5-ad13-7e11062b8127,This is a scam. Took my money and didn’t work.,3,2025-05-12
4151d18d-d61b-4c81-a013-f647053f7568,Worst experience ever. App keeps crashing.,4,2025-05-07
d572a725-8c52-4794-8f39-1eac11a0d198,"Works fine, but lags sometimes.",2,2025-05-01
84d10da3-2a75-4c9b-9757-aa697f6eb0bf,Very buggy. Deleted my files!,1,2025-04-25
dadf9001-fae1-40fa-ba8b-60be636b9e34,"Works fine, but lags sometimes.",2,2025-05-05
cb399e9b-202f-4994-ac82-54ec4d62aaf9,Very buggy. Deleted my files!,3,2025-05-04
c3f71bce-c7d5-45eb-8feb-6cdbf002c8b4,Worst experience ever. App keeps crashing.,1,2025-04-29
e5fc6b95-5f0c-4b16-89d1-22fafc4b9852,Very buggy. Deleted my files!,5,2025-05-08
37cc4daa-d9ee-4ab9-8024-ffe1623eec75,This is a scam. Took my money and didn’t work.,1,2025-04-28
e57509dd-59fb-4f61-a064-16da105330f9,Very buggy. Deleted my files!,1,2025-04-21
32a6b912-e2ba-4884-9c26-bf2b5da2f0e7,Good UX. Recommended.,2,2025-05-03
791db1f3-de90-4aae-bc27-46315e24ceaf,"Works fine, but lags sometimes.",3,2025-04-29
57a2a858-cfb3-476d-861e-56bdd16d54a3,App is decent. Could use some improvements.,2,2025-05-07
a40ae7e4-9a66-484f-b631-2dc95275ebcf,This app is amazing!,3,2025-04-19
0efd4961-37c3-45cd-864b-1eae56d5caf5,I love it! Super easy to use.,4,2025-04-26
c4c5cd1d-cf2d-48b0-b85c-1316cacbd13b,Good UX. Recommended.,2,2025-04-18
df8f2fa7-1f33-492b-80de-8c211d4eda52,App is decent. Could use some improvements.,5,2025-05-05
3ea5861f-91d1-454b-a8bd-bcbbc35da4ba,"Works fine, but lags sometimes.",5,2025-04-30
3f1bd4de-ad85-4eca-ac49-4ecd93a0425f,This is a scam. Took my money and didn’t work.,2,2025-05-05
5c8653ca-ad0b-4fcd-9f90-171ee96d441c,This app is amazing!,2,2025-04-29
8c1fd6c5-9284-4ec4-9e69-4fd1885d5bd1,This is a scam. Took my money and didn’t work.,5,2025-05-09
eca6f1f3-9974-426a-a622-74fdbc0eed79,They stole my data. Don’t download this!,5,2025-04-22
74c27aae-0857-4ec8-acba-2b90f7cc6d45,Good UX. Recommended.,3,2025-04-25
64249cde-53df-4efa-b94d-189435946c3d,Customer service is terrible. Avoid this.,3,2025-05-11
3d5e07d8-6aa4-4059-ae0b-24e9e2fcb62b,This is a scam. Took my money and didn’t work.,4,2025-04-27
1aa18e28-037f-4000-89b3-d5834ced5cb0,App is decent. Could use some improvements.,4,2025-05-11
6bfdc078-ecb4-4dad-a030-463c62300d07,This is a scam. Took my money and didn’t work.,2,2025-04-26
c2a50660-a294-4b95-8c71-628dcc58fa91,Good UX. Recommended.,5,2025-05-07
e21cadc7-88ce-4ce1-b786-769a2d762426,Very buggy. Deleted my files!,2,2025-05-11
88406332-e568-47a3-b6bb-1e0d80d21b3c,Worst experience ever. App keeps crashing.,5,2025-04-30
3f2d09ab-72bb-45af-8118-88ac9996935e,This app is amazing!,2,2025-05-08
f68c6c5d-8b1e-440b-98b9-fadc155c6d3b,App is decent. Could use some improvements.,1,2025-05-01
265527b0-a8bc-4351-915a-3a9b1c19c433,App is decent. Could use some improvements.,3,2025-05-07
72b7f166-042f-486d-bfd3-faa462c84e0a,App is decent. Could use some improvements.,4,2025-04-22
97b92413-301a-4b2e-8bf9-2a1af608fdf2,"Works fine, but lags sometimes.",1,2025-04-24
6e125afb-6bcf-4679-9356-1858b87b19aa,Customer service is terrible. Avoid this.,4,2025-04-16
00d41093-d352-48f6-9b3e-0e8a67a0554d,Good UX. Recommended.,4,2025-04-18
d98d4bce-cd47-4c7b-9b5f-064cf8eb6726,I love it! Super easy to use.,4,2025-05-09
b1b19fcc-a03d-4c06-80b7-4d223af6287a,"Works fine, but lags sometimes.",2,2025-05-02
54a6df8a-a52c-45d2-92ad-4fda7580dcf9,Worst experience ever. App keeps crashing.,4,2025-05-15
2a70cf87-fe3f-476f-accb-bfa9da5a7c6d,I love it! Super easy to use.,1,2025-04-28
6c0f4fe0-925c-41be-b213-2aa7db0644ad,This app is amazing!,2,2025-05-14
5052111a-f4bb-4b0b-bd03-520bc6bfef08,Worst experience ever. App keeps crashing.,3,2025-05-01
3f90fba7-073d-42f4-8246-2141c25cb3d5,Customer service is terrible. Avoid this.,1,2025-04-26
ca8829c3-109a-4c4c-a117-144817313d88,Very buggy. Deleted my files!,5,2025-04-29
9f74044a-3617-4e39-b3e0-d4f0ae9804de,Worst experience ever. App keeps crashing.,4,2025-05-07
4b9f5473-1cd8-4bd6-b30f-d8c57afae407,I love it! Super easy to use.,3,2025-05-06
fca96ed7-ec9d-4e43-a980-205ba6c95e00,Customer service is terrible. Avoid this.,5,2025-05-09
644522a0-54d3-49cb-9171-2b53b487318d,This app is amazing!,3,2025-04-24
34271c0f-5733-432f-94f8-66b50dcdee4a,Customer service is terrible. Avoid this.,3,2025-04-22
1fb6ea07-c89f-42a2-8f22-79f92f9ca61d,"Works fine, but lags sometimes.",4,2025-05-11
e1884153-d37a-43c4-b2f9-8e80e9aaf2a6,They stole my data. Don’t download this!,5,2025-04-22
649a3c92-8155-45b4-bb6f-ae0973f71929,Worst experience ever. App keeps crashing.,1,2025-05-06
0031bddb-d6fb-4649-bdab-3b43be151811,App is decent. Could use some improvements.,2,2025-04-28
dbca051d-e08e-4168-8405-db9d1760ba3c,I love it! Super easy to use.,3,2025-05-12
8df79a86-69cf-43e0-b0fe-5d3e4d1a2bb6,Good UX. Recommended.,2,2025-04-27
855fccca-87ee-4d75-9f4d-c9edb37858e0,"Works fine, but lags sometimes.",1,2025-04-19
ec5c9c8b-748d-40bb-b0a2-b362b9bb37b8,App is decent. Could use some improvements.,4,2025-04-19
af3e80d8-7a19-4ab1-8b94-790c2bd6e21a,App is decent. Could use some improvements.,3,2025-05-06
4477b530-8737-461d-ac49-b1b39d67c74c,This is a scam. Took my money and didn’t work.,1,2025-05-14
964d3463-4d47-4b2f-bee4-05e02cbce603,App is decent. Could use some improvements.,5,2025-05-05
b65cbda3-fea8-420b-ae8a-d13c7a0d46aa,They stole my data. Don’t download this!,1,2025-04-22
c1441176-691c-4626-aecd-163e26c76f88,Good UX. Recommended.,4,2025-04-29
5eed5fbd-7cdd-4408-9253-f04af6efcafc,Customer service is terrible. Avoid this.,3,2025-05-04
13067122-d940-433a-9260-b2ed735b75ba,This is a scam. Took my money and didn’t work.,5,2025-05-14
65108b8a-08c1-4015-a130-12cb67d38722,They stole my data. Don’t download this!,4,2025-05-06
868f78cb-f922-4d06-a4ee-3db68f66d382,Customer service is terrible. Avoid this.,2,2025-04-30
c581251f-232a-454d-9754-a517887fe079,Worst experience ever. App keeps crashing.,1,2025-05-15
3318fe52-ee0c-4432-a75b-ac63f61293c7,Good UX. Recommended.,2,2025-05-02
27d83d90-1121-4ce6-9677-3ea63101c4cd,Customer service is terrible. Avoid this.,3,2025-04-17
c12319c2-5a80-448a-8ce4-f3fbc3a28c01,Worst experience ever. App keeps crashing.,2,2025-04-21
bb544ebb-6282-43c1-9c8a-c868c870ff85,App is decent. Could use some improvements.,2,2025-04-28
5152c52d-b9c3-4d9d-86c4-6b9c647b6060,Very buggy. Deleted my files!,5,2025-04-22
2675f85e-dcee-4a47-88ca-27f68810762d,This is a scam. Took my money and didn’t work.,3,2025-05-03
e3fad4ac-9c0d-4455-92ad-f873615c09f2,Good UX. Recommended.,3,2025-04-25
14ce3fba-8df9-4d21-bb67-a327205c5688,App is decent. Could use some improvements.,5,2025-04-22
5ab3a599-11b1-4b3a-b0be-00869fdcd7c5,They stole my data. Don’t download this!,4,2025-05-14
376f657a-4ac9-4cb1-92e6-5cfbeefc2845,"Works fine, but lags sometimes.",4,2025-04-24
d3473df5-836b-4728-86d5-44f0c9a112a8,Good UX. Recommended.,1,2025-04-30
ce0fc2e2-d4e5-4308-846c-61bae4b3f342,I love it! Super easy to use.,2,2025-05-09
93abe504-ceac-484e-b312-7f41143bbb1d,I love it! Super easy to use.,2,2025-05-13
a15d128c-1ba3-473e-9097-585b63a72c76,They stole my data. Don’t download this!,1,2025-04-19
cc36d9d7-a8ab-43b9-b7e0-bff0f0f35707,Customer service is terrible. Avoid this.,3,2025-05-13
3e968ccf-0171-47cb-9f73-cf863d35bb07,App is decent. Could use some improvements.,3,2025-04-26
b9c28787-1146-4acd-b1bc-bd0f16e763f5,Worst experience ever. App keeps crashing.,1,2025-04-16
31d04fac-2709-4fee-8576-2fe7885b6cce,Customer service is terrible. Avoid this.,1,2025-05-10
a2f6ef7a-b74e-401d-aaab-ed5645216ccc,This app is amazing!,3,2025-04-27
d05ae4bf-1503-4bc8-9b83-8a2b95990010,They stole my data. Don’t download this!,2,2025-05-09
9def48ca-edfd-43e9-b018-c927a4c16603,This app is amazing!,1,2025-05-13
989907ff-e515-4ca4-be23-92bf5b719f1f,This app is amazing!,3,2025-04-27
c9d88eb3-6ddf-4462-8d11-951aed67eafe,This is a scam. Took my money and didn’t work.,5,2025-05-03
968bd516-1fef-42dd-a72f-d08dd827afa6,This is a scam. Took my money and didn’t work.,2,2025-04-22
2d009f37-2541-4819-ad33-0c74860fc405,Customer service is terrible. Avoid this.,3,2025-04-29
70bbbcc9-8752-4add-8b2f-2ca09a2c6815,Customer service is terrible. Avoid this.,2,2025-04-21
f59a7f7b-8767-44eb-b158-fefa7349f1b1,"Works fine, but lags sometimes.",3,2025-05-01
7234208c-e586-4d52-ba21-5ab3bcc948fa,They stole my data. Don’t download this!,5,2025-05-05
e8ad9b47-0ba0-4f0f-bd8b-43b0d9412990,App is decent. Could use some improvements.,3,2025-04-27
179db0f6-87c1-4ba4-bc18-d5e0400203cb,This app is amazing!,3,2025-05-13
20d53ce4-ea7f-46e7-be17-8ea11a74e6d9,This is a scam. Took my money and didn’t work.,3,2025-05-12
a6677267-961e-42ad-9d7b-579848b9264d,Customer service is terrible. Avoid this.,1,2025-05-03
b7ec674d-f4f5-48bf-a874-177bf61f60c8,This is a scam. Took my money and didn’t work.,3,2025-04-29
e19b7c33-54c9-4b53-9165-a409a27c2055,"Works fine, but lags sometimes.",5,2025-05-15
a69e015f-9f0e-4796-990d-80c29d1ddc9c,"Works fine, but lags sometimes.",3,2025-05-06
b0c04383-49b7-4809-9ae0-8d10a2e546cd,They stole my data. Don’t download this!,3,2025-05-12
8f9875e1-0f12-4013-bb22-1833d3a1edd1,This is a scam. Took my money and didn’t work.,5,2025-04-20
7b9be5d6-fb8c-4215-b3b6-d58fc6156179,Very buggy. Deleted my files!,5,2025-05-06
ee2032cc-038c-47df-bad5-10fa92d102d0,This app is amazing!,2,2025-05-13
591b0387-1227-452a-b346-82f848dddd40,Very buggy. Deleted my files!,2,2025-05-01
b4e2f79c-4dc5-4010-b41c-0ea5f3756a4c,This app is amazing!,2,2025-04-23
69fa7984-5e0e-4a60-b9c8-b662f91a16a6,Very buggy. Deleted my files!,1,2025-05-13
66b4af66-34a6-4ed4-9d9f-b38071bea002,They stole my data. Don’t download this!,1,2025-05-07
c0bc6fd7-d8c6-4c8e-ba65-b8c807e8ced2,Customer service is terrible. Avoid this.,5,2025-05-09
f2d8a2d6-f67b-4c99-a283-74014efce6d4,Good UX. Recommended.,2,2025-04-30
f4f41b36-f935-47a5-8ed0-32177a6cd3c6,Customer service is terrible. Avoid this.,5,2025-05-03
be39fd82-8637-47c7-93aa-28734fe2ef7f,This is a scam. Took my money and didn’t work.,2,2025-05-04
9866051f-aa57-4acd-830a-2fffb0608174,They stole my data. Don’t download this!,1,2025-04-20
6836e99d-9145-46b0-8722-6e5b29fbb847,App is decent. Could use some improvements.,2,2025-04-26
5701551d-4fa1-4841-9940-60399d89bfc9,I love it! Super easy to use.,3,2025-05-14
2105ae2c-8e35-4663-8ee2-1522fb75239f,Very buggy. Deleted my files!,5,2025-05-06
6e344f30-2b40-4426-a0a2-369de992bca5,Worst experience ever. App keeps crashing.,1,2025-04-25
c84c2b3b-aba8-4209-a679-84a05970d4d7,"Works fine, but lags sometimes.",3,2025-04-18
6c4deadf-33a0-4080-bed9-189c3162ab6e,Worst experience ever. App keeps crashing.,3,2025-05-12
0df85c83-3450-4d7a-bcd3-d4130dc8bf82,This app is amazing!,5,2025-05-14
7dde19b8-b417-492a-87e0-d1dd6442eb0b,Very buggy. Deleted my files!,2,2025-05-10
b0a6ebb4-4b9d-4715-8f81-e2d50614451a,App is decent. Could use some improvements.,4,2025-05-10
67993e3e-5a65-4e91-b4ae-95d49e7bc426,Worst experience ever. App keeps crashing.,3,2025-05-03
d4262056-fe46-4d8d-a922-281162ea4c3c,Good UX. Recommended.,2,2025-04-20
8228fc9c-aa5d-41dd-80d5-8bc59f9f7953,"Works fine, but lags sometimes.",1,2025-04-25
544c5522-d652-44ea-8ac1-79afa91e3fbc,I love it! Super easy to use.,4,2025-05-10
fa167594-04d7-48c9-a966-b7cde5d3bd58,"Works fine, but lags sometimes.",2,2025-04-24
89bcdbb5-f57d-4021-89d0-93d3ed04a908,App is decent. Could use some improvements.,5,2025-05-05
87db021b-fab1-411e-a6d4-ea302825a825,App is decent. Could use some improvements.,5,2025-04-22
5d6ef2c4-2c9e-4440-a256-425edfee1144,Very buggy. Deleted my files!,3,2025-05-03
e4b6c585-f563-4b04-834f-aff2d514b528,This is a scam. Took my money and didn’t work.,4,2025-05-01
97497b73-465c-4964-b7eb-fc67b2e6845c,App is decent. Could use some improvements.,3,2025-04-27
81bdc7b5-940d-4448-b47c-c2ab4bc4b02c,This is a scam. Took my money and didn’t work.,5,2025-04-30
da19150f-75eb-4ed7-a227-d7dc1c53ec7f,This app is amazing!,4,2025-05-15
df930daa-036d-4559-86da-53f98362f411,They stole my data. Don’t download this!,4,2025-04-17
4b04479d-28cd-4fe9-ab7a-c9e2edb3af16,Good UX. Recommended.,5,2025-04-19
62cad600-a036-4037-b58b-5cea79583ecd,Very buggy. Deleted my files!,1,2025-04-16
b793efe9-8a4e-4c9a-9ed8-a43dc33af211,Very buggy. Deleted my files!,2,2025-04-19
cb63ad95-0cb6-459f-ab3b-4969265344c5,They stole my data. Don’t download this!,1,2025-05-05
7dfe7090-9900-4021-b6c5-d3915d6a5b81,This is a scam. Took my money and didn’t work.,5,2025-04-29
69983e3e-b1b8-40cf-a68f-1ecff44ea773,They stole my data. Don’t download this!,3,2025-05-09
2caa7ac3-1d92-4bb6-9673-d2e76c658ce4,"Works fine, but lags sometimes.",4,2025-05-05
e5627c37-dbc7-483b-a5aa-908934348297,Good UX. Recommended.,3,2025-05-10
6418e954-d8df-4125-91b3-4d1299f93309,App is decent. Could use some improvements.,5,2025-05-05
11f55cf5-dfe5-44df-b7a1-5e44eab2875a,Good UX. Recommended.,3,2025-04-30
85931943-2b44-4664-a9fd-ee463be075fc,Very buggy. Deleted my files!,5,2025-05-03
b8d7c582-ab01-46e3-9dad-522accfeb9b0,This is a scam. Took my money and didn’t work.,2,2025-05-10
57793477-1621-4187-86cb-8162d3876049,Worst experience ever. App keeps crashing.,2,2025-05-05
dc97f164-5680-4bfd-9b58-5cebc6fe48b2,This is a scam. Took my money and didn’t work.,3,2025-05-13
977e07a0-9ed4-48be-8e0e-13f21f9180b6,They stole my data. Don’t download this!,1,2025-04-18
ca0c93dc-e120-45ca-877d-72c0d42781b0,This is a scam. Took my money and didn’t work.,3,2025-05-13
d3c906dc-2789-463f-b11b-2ed0dbe4dd1b,Good UX. Recommended.,1,2025-04-30
9a25dbfc-4a4b-48c6-b411-8eac34708d79,I love it! Super easy to use.,4,2025-05-10
d5de2ea2-8b73-43f7-a4b8-5a4741e05a1d,"Works fine, but lags sometimes.",3,2025-05-12
fe37f4f6-12c7-4fe2-ac1b-6bc7819fdae0,"Works fine, but lags sometimes.",4,2025-04-21
9601d0e9-5496-440c-9478-313f2d248061,App is decent. Could use some improvements.,2,2025-05-05
9e81b323-af99-4095-a5c2-6eefa7a6c8ff,Very buggy. Deleted my files!,4,2025-04-30
1c92ca8d-9272-45f4-a185-35a4a5a5d586,"Works fine, but lags sometimes.",4,2025-05-05
8a06f06e-2f33-4ea1-b1d0-e2ac2dc87b6f,"Works fine, but lags sometimes.",5,2025-05-04
64c369bd-dc21-4028-bab4-389def56d82e,Worst experience ever. App keeps crashing.,1,2025-04-17
43994c25-c6b6-491c-8092-397bdd4c80db,Worst experience ever. App keeps crashing.,3,2025-04-27
806220f6-8af9-4313-94a5-3f225a5eaf4a,"Works fine, but lags sometimes.",2,2025-04-22
3a1a1461-c968-40be-b368-1bbdae4c2790,This is a scam. Took my money and didn’t work.,2,2025-05-01
d4487925-ca6d-477c-b883-23568dae3aa3,This is a scam. Took my money and didn’t work.,3,2025-04-19
7d7a5c0a-602d-441a-893b-d2ffee859a93,This app is amazing!,5,2025-05-04
